id,ctrl.turbo.rah.nobiotin,ctrl.turbo.cyto.nobiotin,ctrl.noturbo.nobiotin,turborah.toxo.r1,turborah.mock.r1,turborah.toxo.r2,turborah.mock.r2,turborah.toxo.r3,turbocyto.toxo.r1,turborah.toxo.r4,turbocyto.toxo.r2,turborah.vs.turbocyto.logFC,turborah.vs.turbocyto.P.Value,turborah.vs.turbocyto.adj.P.Val,turborah.vs.turbocyto.Q.Value,turborah.toxo.vs.mock.logFC,turborah.toxo.vs.mock.P.Value,turborah.toxo.vs.mock.adj.P.Val,turborah.toxo.vs.mock.Q.Value,turborah.toxo.vs.ctrl.logFC,turborah.toxo.vs.ctrl.P.Value,turborah.toxo.vs.ctrl.adj.P.Val,turborah.toxo.vs.ctrl.Q.Value,turbocyto.toxo.vs.ctrl.logFC,turbocyto.toxo.vs.ctrl.P.Value,turbocyto.toxo.vs.ctrl.adj.P.Val,turbocyto.toxo.vs.ctrl.Q.Value,turborah.toxo.vs.all.logFC,turborah.toxo.vs.all.P.Value,turborah.toxo.vs.all.adj.P.Val,turborah.toxo.vs.all.Q.Value,turborah.vs.turbocyto.zscore,turborah.toxo.vs.mock.zscore,turborah.toxo.vs.ctrl.zscore,turbocyto.toxo.vs.ctrl.zscore,id.nodash,accession_number,numColumnsProteinObserved,numSpectraProteinObserved,numPepsUnique,numPepsUniqueSubgroupSpecificCI,accession_numbers,species,protein_mw,percentCoverage,groupNum,subgroupNum,scoreUnique,scoreUniqueSubgroupSpecificCI,entry_name,X20191014_Toxoplasma_TMT_FullExperiment.unique_peptides,X20191014_Toxoplasma_TMT_FullExperiment.numSpectra,X20191014_Toxoplasma_TMT_FullExperiment.totalIntensity,X20191014_Toxoplasma_TMT_FullExperiment.pct_cov,subcellular.location,gene,Location,toxo_gene_name,toxo_nonsecreted_gene_name,lopit_prediction,has.imputed
Q9P273,-3.6653698598257334,-3.625894774410145,-4.4740742798799,0.5200035111442732,-0.4032232047835332,0.58396968400315,-0.24642332243848206,0.7993006303131878,0.5422766042426672,0.6377253324605818,0.5952254633558549,0.06649875568103714,0.8320670096507325,0.8634609489719104,0.8634609489719104,0.9600730530913058,0.007562163008957061,0.1453568037460326,0.1453568037460326,4.557029427518891,1.1948358218501324e-10,6.416078706855552e-9,6.416078706855552e-9,4.490530671837854,1.529925611302237e-9,1.6178440680719314e-8,1.6178440680719314e-8,0.39132201929204474,0.3414651685698106,0.4086228034211777,0.4086228034211777,1.1705795071770904,1.7538566878177464,1.272221972988074,0.16654581246485584,Q9P273,Q9P273,1,69,49,43,Q9P273,HUMAN,305281.2,23.6,104,104.2,747.34,668.75,Teneurin-3,43,69,4730000000,21.50%,"SUBCELLULAR LOCATION: Cell membrane {ECO:0000250|UniProtKB:Q9WTS6}; Single-pass membrane protein {ECO:0000250|UniProtKB:Q9WTS6}. Cell projection, axon {ECO:0000250|UniProtKB:Q9WTS6}.",TENM3,Unknown,NA,NA,NA,FALSE
P04264,0.7222928657969488,-1.7685691209149286,-1.4494069660060196,0.5177850149796898,-0.12226254903657383,1.2999742748472647,-1.1840670049721127,-0.11866933619442122,-0.9597221202693952,0.26092879598488206,-0.31432207546030616,1.1270267852692044,0.082925796385152,0.12009330872044915,0.12009330872044915,1.143169464408697,0.07905690826368579,0.999812317632854,0.999812317632854,1.3218990944456872,0.026305984669698638,0.026708627292194028,0.026708627292194028,0.1948723091764828,0.7638284160447949,0.7640542671435663,0.7640542671435663,1.7801915622735476,0.03845846030853561,0.08767181349311048,0.08767181349311048,2.358209830421017,2.145248464906771,-2.0803725466145875,-3.7569096559498685,P04264,P04264,1,203,46,41,P04264|A0A1W2PR46|A0A1X7SBR3|P14136-2|P14136|P14136-3|Q6KB66-3|Q6KB66|Q6KB66-2,HUMAN,66208.7,58.2,117,117.1,758.51,686.01,Keratin type II cytoskeletal 1,48,203,172000000000,58.20%,SUBCELLULAR LOCATION: Cell membrane {ECO:0000269|PubMed:17956333}. Note=Located on plasma membrane of neuroblastoma NMB7 cells.,KRT1,Unknown,NA,NA,NA,FALSE
P35908,-1.3284341177248635,-1.4952823305385734,-0.8911345025441675,1.134229482522563,0.3466479844971489,0.6716930047549462,-0.5914065061403727,0.09896857924543499,-0.5004493713794385,0.2643872112553925,0.008094108484540655,0.7884972008920331,0.05558441693630333,0.08531854922663983,0.08531854922663983,0.6646988302661961,0.10022578493774399,0.999812317632854,0.999812317632854,1.780603219713786,1.0412472042659832e-4,1.1038982425671643e-4,1.1038982425671643e-4,0.9921060188217528,0.02587560824862089,0.026185217680252608,0.026185217680252608,0.910876461713645,0.08280817184829903,0.13951197478226873,0.13951197478226873,1.9791081108015756,1.1224568632880974,-1.6050133560523683,-3.028753295821081,P35908,P35908,1,86,36,27,P35908|Q01546|P12035|Q7Z794|Q9NSB2|F8W1S1|Q7RTS7,HUMAN,65717,72.9,117,117.2,633.67,499.29,Keratin type II cytoskeletal 2 epidermal,27,86,16600000000,61.90%,NA,KRT2,Unknown,NA,NA,NA,FALSE
P13647,0.12743267112707873,-1.4675585865996914,-0.7324479163709727,0.7348990705516094,-0.2576895349908392,0.9225116936873474,-0.41593222307692396,-0.27218350219917375,-0.21403217148603182,0.08806971179676482,0.0640343953921496,0.44332313150607816,0.3243600743439514,0.3877420959383702,0.3877420959383702,0.7051351224930185,0.12654689763803628,0.999812317632854,0.999812317632854,1.059182187406999,0.015151313106637289,0.015424884814852227,0.015424884814852227,0.6158590559009208,0.1996524342139435,0.20036315186762704,0.20036315186762704,0.7801340105399597,0.18555786144781122,0.2537357499102447,0.2537357499102447,1.592565577117243,1.208894561109015,-2.352628428778126,-3.372399852301797,P13647,P13647,1,23,25,14,P13647,HUMAN,62605.5,36.6,117,117.3,340.93,186.13,Keratin type II cytoskeletal 5,14,23,2540000000,24.70%,NA,KRT5,Unknown,NA,NA,NA,FALSE
P35527,0.8197592545996641,-2.0673199744325768,-1.964368024983235,0.5839428776506811,-0.22544949199280284,1.3710508434611748,-1.3750626573622482,-0.53437406283305,-0.7509228367933405,0.3227430506972778,-0.18729104324727747,0.9049476172643298,0.22104221184683412,0.27933724418298084,0.27933724418298084,1.2360967519215464,0.1020846992853777,0.999812317632854,0.999812317632854,1.506483592182737,0.02986101233816045,0.0302998814457099,0.0302998814457099,0.6015359749184073,0.4327229057161657,0.43349173527917934,0.43349173527917934,1.7052036919418552,0.08262975810143725,0.1393501852727628,0.1393501852727628,2.109514890989956,2.343892315641066,-1.8890859795200925,-3.3854818913423905,P35527,P35527,1,182,39,39,P35527|K7EQQ3,HUMAN,62291.5,90.8,118,118.1,756.29,756.29,Keratin type I cytoskeletal 9,39,182,54000000000,90.80%,NA,KRT9,Unknown,NA,NA,NA,FALSE
TGGT1_258580-t26_1-p1,-3.1058938184533034,-2.583371603090204,-3.9809523253296524,0.9458655433304304,-2.163075116910365,0.9863701094792183,-2.3377215847943065,1.0406581629825409,0.3291382347137492,0.8131433775227549,0.3271819607429464,0.6183492006003883,0.0997537582375618,0.1406698474854821,0.1406698474854821,3.196907649181071,2.9818522833114626e-7,2.384599758831693e-4,2.384599758831693e-4,4.169915213953123,2.156544756099271e-9,1.8154476878640482e-8,1.8154476878640482e-8,3.5515660133527347,1.574870140876795e-7,2.1692938463298848e-7,2.1692938463298848e-7,2.8687475514527234,1.8690862111673868e-5,0.015807796630948175,0.015807796630948175,1.7885681920554917,6.535374038805981,0.8710520486753147,-0.691061034486352,TGGT1_258580,TGGT1_258580,1,37,22,16,TGGT1_258580-t26_1-p1,Toxoplasma_gondii_GT1,69338.2,47,138,138.2,388.81,291.83,TGGT1_258580,16,37,4750000000,40.40%,NA,NA,PV/PVM,ROP17,NA,NA,FALSE
P13645,-0.6879613763865948,-1.515524964310988,-0.8438343019880561,0.6121341319389617,0.31684603414885704,0.8769977991103334,-0.5836002574342884,0.3939330689459144,-0.629483531943664,0.2969617424409067,0.007823728256456927,0.8558365874526325,0.03322664015897027,0.05556387724063096,0.05556387724063096,0.6783837972517447,0.08223849265959124,0.999812317632854,0.999812317632854,1.5607802331709089,2.432249279801321e-4,2.54825001968655e-4,2.54825001968655e-4,0.7049436457182764,0.08621427353899376,0.08677860380315856,0.08677860380315856,0.9892136990953482,0.052903735582493124,0.10338116730748366,0.10338116730748366,2.0545179964404006,1.151710214073841,-1.8328178844919534,-3.2910341123936906,P13645,P13645,1,138,37,32,P13645|Q7Z3Y7|Q99456|Q7Z3Y8|Q7Z3Z0|Q9BGM5|Q7Z3Y9,HUMAN,59054.3,64.3,168,168.1,639.77,565.87,Keratin type I cytoskeletal 10,38,138,59400000000,64.30%,"SUBCELLULAR LOCATION: Secreted, extracellular space {ECO:0000269|PubMed:12427098}. Cell surface {ECO:0000269|PubMed:19627498}. Note=Localized on the surface of desquamated nasal epithelial cells (PubMed:12427098). Localized on the surface of lung cell lines (PubMed:19627498). {ECO:0000269|PubMed:12427098, ECO:0000269|PubMed:19627498}.",KRT10,Unknown,NA,NA,NA,FALSE
P02533,-0.623526047341137,-2.282156989216836,-1.3085379196182376,0.6586158740468497,-0.598890087800645,1.022416328653107,-0.9622267562756557,-0.5846145512334798,0.33266613476856305,0.27049715810372443,0.8685259699356024,-0.2588673499595323,0.59761980666696,0.6524173546557698,0.6524173546557698,1.1222871244307004,0.034560040487479536,0.5387862533140243,0.5387862533140243,1.7464690211179543,0.0010233920175107029,0.0010590808183660778,0.0010590808183660778,2.0053363710774867,0.001405716089408541,0.001445012923266209,0.001445012923266209,0.5216910720786178,0.413355241516562,0.4775890649079677,0.4775890649079677,0.8062188845119991,2.100609817458912,-1.6403869315690938,-2.103315602526821,P02533,P02533,1,14,22,6,P02533|P35900|Q8N1A0|Q8N1A0-2,HUMAN,51902.9,47.6,168,168.2,317.33,85.62,Keratin type I cytoskeletal 14,6,14,974000000,16.30%,SUBCELLULAR LOCATION: Cytoplasm. Nucleus. Note=Expressed in both as a filamentous pattern.,KRT14,Unknown,NA,NA,NA,FALSE
Q04695,-0.25323532187713377,-2.1735765617235634,0.5311211493915619,0.3024842244221864,-0.02488025359723749,0.7022450612368569,-0.18665303568746566,0.36593623599449726,-0.9135256513506012,0.3147026290997467,-0.49599782386800045,1.1261037752976228,0.053964636123531355,0.08317191982045857,0.08317191982045857,0.5271086823306734,0.34140086321200147,0.999812317632854,0.999812317632854,1.0532389490913672,0.042554425310354506,0.0431151904237584,0.0431151904237584,-0.07286482620625567,0.8990643897938732,0.8990643897938732,0.8990643897938732,1.2318704199399744,0.09633099703003105,0.15488962117518776,0.15488962117518776,2.3571761994369003,0.8283404897176939,-2.3587874598384766,-4.001448359736426,Q04695,Q04695,1,1,14,1,Q04695|F5GWP8|Q9C075,HUMAN,48390.1,25.2,168,168.5,167.75,11.53,Keratin type I cytoskeletal 17,1,1,5240000,2.00%,SUBCELLULAR LOCATION: Cytoplasm {ECO:0000250|UniProtKB:Q9QWL7}.,KRT17,Unknown,NA,NA,NA,FALSE
Q8WUM4,-3.048935082738458,-2.3976084773779127,-3.7895921595360655,0.32632160220818823,-0.36826410277509275,0.4201345224175782,-0.26432952165404977,0.46374049160316144,0.7911525775384539,0.41578310832599596,0.9813559579550256,-0.4797593366080086,0.18953093252566355,0.24361061730027347,0.24361061730027347,0.7227917433533022,0.05666108291687877,0.8481612544592959,0.8481612544592959,3.4852068376895438,1.9477237909683894e-8,6.99485093932703e-8,6.99485093932703e-8,3.9649661742975524,3.6313366398646084e-8,6.455497557888581e-8,6.455497557888581e-8,-0.16346252439343734,0.7213116271703203,0.7632772082318402,0.7632772082318402,0.5588534078944728,1.2466378252515014,0.16148262999700705,-0.31348046704625654,Q8WUM4,Q8WUM4,1,106,40,40,Q8WUM4|Q8WUM4-2|Q8WUM4-3|F8WDK9|F8WBR8|F8WEQ7,HUMAN,96649,48.3,177,177.1,624.53,624.53,Programmed cell death 6-interacting protein,40,106,13300000000,48.30%,"SUBCELLULAR LOCATION: Cytoplasm, cytosol {ECO:0000250|UniProtKB:Q9QZA2}. Melanosome {ECO:0000269|PubMed:17081065}. Cytoplasm, cytoskeleton, microtubule organizing center, centrosome {ECO:0000269|PubMed:17556548, ECO:0000269|PubMed:17853893}. Secreted, exosome {ECO:0000269|PubMed:22660413}. Cell junction, tight junction {ECO:0000250|UniProtKB:Q9WU78}. Midbody, Midbody ring {ECO:0000269|PubMed:17853893, ECO:0000269|PubMed:18641129}. Note=Identified by mass spectrometry in melanosome fractions from stage I to stage IV. Colocalized with CEP55 at centrosomes of non-dividing cells. Component of the actomyosin-tight junction complex (By similarity). PDCD6IP targeting to the midbody requires the interaction with CEP55 (PubMed:18641129). {ECO:0000250|UniProtKB:Q9QZA2, ECO:0000250|UniProtKB:Q9WU78, ECO:0000269|PubMed:17081065, ECO:0000269|PubMed:17556548, ECO:0000269|PubMed:17853893, ECO:0000269|PubMed:18641129}.",PDCD6IP,Novel PV/PVM,NA,NA,NA,FALSE
Q6P1N0,-3.503398665407838,-3.040138345416338,-4.468524836642861,0.8170238125131168,-0.9460881824664111,0.7561449721199539,-0.7197447495479435,0.9369668912022812,0.22037062703049282,0.8580574467908598,0.3515949879714176,0.5560654731555978,0.14093348792325186,0.18882296619578656,0.18882296619578656,1.67496474666373,3.430567575860394e-4,0.014327913714982363,0.014327913714982363,4.512735563145566,9.420305095904526e-10,1.2497604760566673e-8,1.2497604760566673e-8,3.9566700899899683,5.026124003296141e-8,8.294330489341876e-8,8.294330489341876e-8,1.388981939162775,0.00920656678592056,0.058372002858776494,0.058372002858776494,1.718819876787655,3.2820282579773905,1.226319844893912,-0.32105772636136987,Q6P1N0,Q6P1N0,1,71,33,1,Q6P1N0,HUMAN,104460,43,253,253.1,488.66,22.46,Coiled-coil and C2 domain-containing protein 1A,33,71,7700000000,43.00%,"SUBCELLULAR LOCATION: Cytoplasm {ECO:0000269|PubMed:16033914}. Nucleus {ECO:0000250|UniProtKB:Q66HA5}. Cytoplasm, cytoskeleton, microtubule organizing center, centrosome {ECO:0000303|PubMed:20171170}.",CC2D1A,Novel PV/PVM,NA,NA,NA,FALSE
Q6P1N0-2,-2.7070349779808005,-2.6988468931461114,-4.881071514987576,0.7490652333949261,-0.9271183520358725,0.8212150191507614,-0.3982771644860136,0.964462227674015,0.3370807631730479,0.4744186148935306,0.4035333076957382,0.38198323834391534,0.4589421441720787,0.5206577041361979,0.5206577041361979,1.4149880320392514,0.013629437267939713,0.2452573738161705,0.2452573738161705,4.181274735816471,1.9170668652491112e-7,3.319056911534157e-7,3.319056911534157e-7,3.799291497472556,4.7471721357065605e-6,5.2949829657419365e-6,5.2949829657419365e-6,1.0446809966048585,0.12900814803393826,0.19150266116665782,0.19150266116665782,1.5238742128991591,2.7262950920102207,0.8828240228536127,-0.4648000464655466,Q6P1N0,Q6P1N0-2,1,2,33,2,Q6P1N0-2,HUMAN,104331.8,42.9,253,253.2,483.64,25.18,Isoform 2 of Coiled-coil and C2 domain-containing protein 1A,2,2,80600000,2.80%,"SUBCELLULAR LOCATION: Cytoplasm {ECO:0000269|PubMed:16033914}. Nucleus {ECO:0000250|UniProtKB:Q66HA5}. Cytoplasm, cytoskeleton, microtubule organizing center, centrosome {ECO:0000303|PubMed:20171170}.",CC2D1A,Novel PV/PVM,NA,NA,NA,FALSE
TGGT1_227360-t26_1-p1,-1.7568567327099054,-0.7887176030087828,-2.6585885364979136,0.8464902136734516,-2.3377703391493934,0.46554372020073326,-2.1208427917273913,0.48779596013685333,0.7645872572080952,0.4301772391006785,0.934783646323593,-0.2921836684879149,0.48917747653430654,0.549796479440385,0.549796479440385,2.7868083487163213,9.098725244639581e-6,0.0017004342677853846,0.0017004342677853846,2.2922227406834637,1.9226434881660395e-5,2.126979372290946e-5,2.126979372290946e-5,2.584406409171378,3.5297435051275744e-5,3.771674756110734e-5,3.771674756110734e-5,1.9371228969504775,0.0026480373294857124,0.05760728849389117,0.05760728849389117,0.76890966774521,5.658734825415682,-1.0748174673150883,-1.5744198394692086,TGGT1_227360,TGGT1_227360,1,43,18,17,TGGT1_227360-t26_1-p1,Toxoplasma_gondii_GT1,44569.2,42.9,262,262.2,253.86,240.12,TGGT1_227360,17,43,7240000000,40.60%,NA,NA,Unknown,NA,RPL3,60S ribosome,FALSE
Q5VSL9,-3.678971239877193,-4.0604349343106225,-4.997694073460243,0.804430229095337,-1.2348191852072083,0.7921459784768631,-1.2786601688744808,1.0024793532427343,0.35048102179042945,0.8856988773053082,0.4744873887624118,0.4587044042536402,0.20410557118488906,0.2594848355199097,0.2594848355199097,2.1279282865709046,2.4265803613853978e-5,0.0025653504258021254,0.0025653504258021254,5.116888692079414,1.136222047795439e-10,6.30137571752782e-9,6.30137571752782e-9,4.658184287825774,4.079930634265241e-9,1.887413592682672e-8,1.887413592682672e-8,1.7154440812944842,0.001744671243921587,0.05760728849389117,0.05760728849389117,1.6097902665318016,4.250295213977337,1.8524091397694968,0.3196728632947962,Q5VSL9,Q5VSL9,1,62,24,24,Q5VSL9|Q5VSL9-2|Q5VSL9-3|Q5VSL9-4|Q9ULQ0|Q9ULQ0-2,HUMAN,96315.8,37.3,341,341.1,400.36,400.36,Striatin-interacting protein 1,24,62,9310000000,37.30%,SUBCELLULAR LOCATION: Cytoplasm {ECO:0000269|PubMed:21834987}. Note=Enriched on the plasma membrane.,STRIP1,Unknown,NA,NA,NA,FALSE
Q99570,-3.6129463436595377,-3.1513464285248385,-4.6171798154471455,0.40827464709269923,-0.6702545719827211,0.5222864376203916,-0.62357446070592,0.6415500036454012,0.867929891086445,0.5483014196315663,0.9082566679456546,-0.35799015251853505,0.33591423315552527,0.3988760444946093,0.3988760444946093,1.1770176433418351,0.005532280046607929,0.10944855788113815,0.10944855788113815,4.323927322874689,1.8360347399026315e-9,1.6981086013037775e-8,1.6981086013037775e-8,4.681917475393225,6.601592827877613e-9,2.3134692656810397e-8,2.3134692656810397e-8,0.28892436382578546,0.5433018717605844,0.601043241388508,0.601043241388508,0.6952164001272093,2.2176032358634967,1.0306561756077817,0.34134965802172507,Q99570,Q99570,1,42,28,28,Q99570,HUMAN,154412.9,24.8,344,344.1,399.3,399.3,Phosphoinositide 3-kinase regulatory subunit 4,28,42,3960000000,24.80%,"SUBCELLULAR LOCATION: Late endosome {ECO:0000269|PubMed:14617358}. Cytoplasmic vesicle, autophagosome {ECO:0000305}. Membrane {ECO:0000305}; Lipid-anchor {ECO:0000305}. Note=As component of the PI3K complex I localized to pre-autophagosome structures. As component of the PI3K complex II localized predominantly to endosomes. Localizes also to discrete punctae along the ciliary axoneme (By similarity). {ECO:0000250|UniProtKB:Q8VD65, ECO:0000305}.",PIK3R4,Unknown,NA,NA,NA,FALSE
Q07960,-3.7904503781524777,-3.6273714840658533,-4.553998905583115,0.6439582898693016,-0.41553964102276586,0.7415640146499319,-0.19544741207420588,0.8286388311587768,0.3149927611521904,0.7650901808163373,0.2952645719221515,0.43968416258641607,0.17702269862163234,0.22916161668656465,0.22916161668656465,1.0503063556720726,0.00436039445389923,0.09097652605145737,0.09097652605145737,4.73541975172407,7.61661642106237e-11,5.258574153562041e-9,5.258574153562041e-9,4.295735589137654,2.8974803654589836e-9,1.7403621131038773e-8,1.7403621131038773e-8,0.7451776891349018,0.08310494140063751,0.1398726451534113,0.1398726451534113,1.5884904846031758,1.9467418044379625,1.45708946261168,-0.011370997466671735,Q07960,Q07960,1,56,20,20,Q07960,HUMAN,50491.8,53,450,450.1,325.56,325.56,Rho GTPase-activating protein 1,20,56,9550000000,53.00%,SUBCELLULAR LOCATION: Cytoplasm.,ARHGAP1,Unknown,NA,NA,NA,FALSE
TGGT1_411430-t26_1-p1,-2.797151885891697,-1.9583638962279568,-3.7545074451702107,0.992490996403769,-2.031933013220673,0.7915641119264019,-1.6807280258189925,0.8210254067289722,0.6237859980464812,0.5472577595179837,0.5644417194919717,0.19397070987505527,0.6380628012057631,0.6889774837150004,0.6889774837150004,2.644415088164114,1.299865928850571e-5,0.0018322693488756175,0.0018322693488756175,3.624758977740904,7.629414785737464e-8,1.6980467250098577e-7,1.6980467250098577e-7,3.430788267865849,1.2674338822917211e-6,1.4826171589878606e-6,1.4826171589878606e-6,2.050301229394888,0.0014976860692193165,0.05760728849389117,0.05760728849389117,1.3133287358068755,5.354351190083692,0.3061017617679888,-0.8013738354558735,TGGT1_411430,TGGT1_411430,1,35,17,8,TGGT1_411430-t26_1-p1,Toxoplasma_gondii_GT1,51677.6,42.7,536,536.1,283.67,128.76,TGGT1_411430,17,35,9250000000,42.70%,NA,NA,PV/PVM,ROP5,NA,NA,FALSE
TGGT1_220240-t26_1-p1,-4.583834513698209,-4.812616354425833,-5.680793207403233,1.2099491714565547,-2.575910638382979,1.15439951389797,-2.407400433715658,1.294112020502776,-0.6420957456348185,1.1435129513749165,-0.5031283241055647,1.7731054491782459,8.363356659271825e-5,0.0010256184327945741,0.0010256184327945741,3.692148950357373,1.8883536331172713e-8,6.38830034083573e-5,6.38830034083573e-5,6.226241439483811,3.5954015745882288e-12,2.895625457470078e-9,2.895625457470078e-9,4.453135990305565,3.354529440032643e-9,1.796348374075165e-8,1.796348374075165e-8,4.264760985227564,7.624397855576917e-8,2.579333794541671e-4,2.579333794541671e-4,3.0817198094616125,7.594015066014703,3.0020413209623587,0.13239124164917554,TGGT1_220240,TGGT1_220240,1,57,15,15,TGGT1_220240-t26_1-p1,Toxoplasma_gondii_GT1,54223.8,37.4,552,552.1,278.98,278.98,TGGT1_220240,15,57,33300000000,37.40%,NA,NA,PV/PVM,GRA31,NA,NA,FALSE
TGGT1_309120-t26_1-p1,-2.555696335827392,-1.8571779031620417,-3.444297648537299,0.5262715420015317,-1.1579357645581208,0.2589511247620017,-1.072872271154526,0.4734142189251616,0.9977144223282737,0.44946981744931186,1.1049639557917599,-0.6243125132755147,0.11480076236956537,0.15877799635986903,0.15877799635986903,1.542430693640825,9.774547757332931e-4,0.02878878605407743,0.02878878605407743,3.046083971626746,2.3229921522436118e-7,3.878915326278449e-7,3.878915326278449e-7,3.670396484902261,2.105136565574341e-7,2.803809843046455e-7,2.803809843046455e-7,0.49109150458080836,0.3228691610590655,0.38981669231363975,0.38981669231363975,0.3969758043404836,2.998719927878412,-0.29358432639230025,-0.5825267833764852,TGGT1_309120,TGGT1_309120,1,33,15,15,TGGT1_309120-t26_1-p1,Toxoplasma_gondii_GT1,46032.5,49.5,587,587.1,263.61,263.61,TGGT1_309120,15,33,3390000000,49.50%,NA,NA,Unknown,NA,NA,NA,FALSE
Q86VY9,-3.2277494980717925,-2.736024357520814,-3.335846629142341,0.6810053935947312,-0.07638615650518218,0.6862497620069481,0.1200029846275833,0.7240312598505398,0.04355112978791563,0.6687277771636976,0.16926796868551913,0.5835939989172618,0.05764488826690453,0.08792274887598649,0.08792274887598649,0.6681951340927786,0.03284369957256787,0.5167917937395214,0.5167917937395214,3.789877043065629,4.3489617682530465e-10,9.43111388589747e-9,9.43111388589747e-9,3.2062830441483667,3.7696764195160104e-8,6.644595710783661e-8,6.644595710783661e-8,0.5617855848560613,0.14534106309086006,0.21012342582751264,0.21012342582751264,1.7496476446887537,1.1299306556911455,0.47721509072286916,-1.0064265126749028,Q86VY9,Q86VY9,1,32,15,15,Q86VY9,HUMAN,54583.3,37.2,620,620.1,251.04,251.04,Transmembrane protein 200A,15,32,2450000000,37.20%,SUBCELLULAR LOCATION: Membrane {ECO:0000305}; Multi-pass membrane protein {ECO:0000305}.,TMEM200A,Unknown,NA,NA,NA,FALSE
TGGT1_311470-t26_1-p1,-3.060285814147078,-2.89859305783676,-3.9613489399266095,0.5966492326914661,-1.107896793590532,0.605295423713435,-1.0390284704800639,0.6820076498632975,0.7688451249531084,0.6468111316315142,0.8668850616454284,-0.18517423382434006,0.5730378610009931,0.6302298711854225,0.6302298711854225,1.7061534915102259,1.0985041014178218e-4,0.0059939344759620825,0.0059939344759620825,3.939433463445077,1.4178811308466853e-9,1.49896620801698e-8,1.49896620801698e-8,4.1246076972694175,7.883851741414267e-9,2.5043258630238935e-8,2.5043258630238935e-8,0.8882883982109575,0.0500859466865131,0.10079759526500524,0.10079759526500524,0.8887439822885068,3.348698151629679,0.6322017477393189,-0.1676712910339522,TGGT1_311470,TGGT1_311470,1,24,17,17,TGGT1_311470-t26_1-p1,Toxoplasma_gondii_GT1,187935.4,14.5,652,652.1,242.7,242.7,TGGT1_311470,17,24,719000000,14.50%,NA,NA,Unknown,NA,NA,NA,FALSE
Q8NHP6,-3.688609004267192,-3.825274363560341,-4.535658061942149,0.8801900190134944,-0.8316156210960264,0.8921048420424382,-0.6711162376835782,1.089708281024062,-0.130599620969193,0.9481024080860497,-0.07207827686916106,1.053865336460688,0.0036741575388173427,0.010332231881811364,0.010332231881811364,1.7038923169313134,6.273304311851474e-5,0.004244517697398707,0.004244517697398707,4.9690401974647385,2.9847538655931575e-11,4.207259303042355e-9,4.207259303042355e-9,3.9151748610040507,7.254736276897733e-9,2.4039511533522206e-8,2.4039511533522206e-8,1.8052312658504903,3.995035740704372e-4,0.05760728849389117,0.05760728849389117,2.276280119302308,3.343864604481587,1.6991924215095566,-0.3589575473743831,Q8NHP6,Q8NHP6,1,37,17,17,Q8NHP6|R4GMN1|Q8NHP6-2,HUMAN,60087.4,32.2,656,656.1,241.31,241.31,Motile sperm domain-containing protein 2,17,37,2290000000,32.20%,SUBCELLULAR LOCATION: Cell membrane {ECO:0000269|PubMed:28137892}; Single-pass membrane protein {ECO:0000305}.,MOSPD2,Novel PV/PVM,NA,NA,NA,FALSE
Q8TEY7,-3.781820341404984,-3.672087275571456,-4.786092279426154,0.6701677100492618,-0.24206010318968635,0.720959956607228,0.0025206666977783876,0.8287735895710954,0.028865540703709138,0.7098196650023089,0.3716095492291028,0.5321926853410678,0.13590541184568916,0.1830286657141586,0.1830286657141586,0.8521999485534277,0.023881240602309062,0.39409871686639786,0.39409871686639786,4.812430195775005,1.8795162715144227e-10,7.1503456231917245e-9,7.1503456231917245e-9,4.280237510433937,8.954044508284639e-9,2.6432401894875158e-8,2.6432401894875158e-8,0.6519624035870218,0.15544443447340373,0.2209709671309779,0.2209709671309779,1.6920859801645607,1.5232642595914925,1.5368960750494762,-0.02552622502586379,Q8TEY7,Q8TEY7,1,26,15,15,Q8TEY7|Q8TEY7-2|Q8TEY7-3,HUMAN,108607.7,21.5,701,701.1,227.61,227.61,Ubiquitin carboxyl-terminal hydrolase 33,15,26,1640000000,21.50%,"SUBCELLULAR LOCATION: Cytoplasm, perinuclear region {ECO:0000269|PubMed:19118533}. Cytoplasm, cytoskeleton, microtubule organizing center, centrosome {ECO:0000269|PubMed:23486064}. Note=Associates with centrosomes predominantly in S and G2 phases but less in G1 phase (PubMed:23486064). {ECO:0000269|PubMed:23486064}.; SUBCELLULAR LOCATION: Isoform 3: Golgi apparatus {ECO:0000269|PubMed:21801292}.",USP33,Unknown,NA,NA,NA,FALSE
Q7Z460,-3.3250485552498263,-2.2981131778463246,-4.784066601584091,0.4148488019512741,-0.8022150671451992,0.3463347363232207,-0.6815638779658267,0.4869985651329058,0.962773465025681,0.49300196489386305,1.0712131828088216,-0.5816973068419354,0.2513694621574797,0.3122963240832735,0.3122963240832735,1.1771854896308285,0.029660806370488433,0.4733137167517093,0.4733137167517093,3.9043721286353974,3.0133688787070874e-7,4.788270040707411e-7,4.788270040707411e-7,4.486069435477333,4.838871279131004e-7,5.957023849090315e-7,5.957023849090315e-7,0.1601921657135773,0.802240058297647,0.8330813802694276,0.8330813802694276,0.4446983632731995,2.217962028571962,0.5958673726660206,0.16247112571911237,Q7Z460,Q7Z460,1,26,15,12,Q7Z460|Q7Z460-3|Q7Z460-4|Q7Z460-5|F8WA11|Q7Z460-2,HUMAN,170474.5,12,715,715.1,221.88,172.21,CLIP-associating protein 1,15,26,625000000,12.00%,"SUBCELLULAR LOCATION: Cytoplasm, cytoskeleton. Cytoplasm, cytoskeleton, microtubule organizing center, centrosome {ECO:0000269|PubMed:14654843}. Chromosome, centromere, kinetochore. Cytoplasm, cytoskeleton, spindle. Golgi apparatus, trans-Golgi network {ECO:0000305}. Note=Localizes to microtubule plus ends. Localizes to centrosomes, kinetochores and the mitotic spindle from prometaphase. Subsequently localizes to the spindle midzone from anaphase and to the midbody from telophase. In migrating cells localizes to the plus ends of microtubules within the cell body and to the entire microtubule lattice within the lamella. Localizes to the cell cortex and this requires ERC1 and PHLDB2.",CLASP1,Unknown,NA,NA,NA,FALSE
Q99816,-3.916003318717317,-3.1578017989026304,-4.655990714958704,0.5740632027638805,-0.7737100648995793,0.654416626166577,-0.6543718243678838,0.6956176379190406,0.606910201110884,0.7182775561507908,0.7750909315802134,-0.03040681059547623,0.9337785527656493,0.9463669394865761,0.9463669394865761,1.3746347003838038,0.0018680614841459174,0.04787615152170938,0.04787615152170938,4.570525699942956,8.950636415148252e-10,1.229876462563628e-8,1.229876462563628e-8,4.600932510538432,8.319772086712385e-9,2.574331082391706e-8,2.574331082391706e-8,0.6836341340382552,0.16284542060551724,0.22811845047969556,0.22811845047969556,1.0620599906813282,2.6400347329215315,1.2862082808970354,0.26738174055864883,Q99816,Q99816,1,20,14,14,Q99816|F5H442|Q99816-2,HUMAN,44114.7,36.4,725,725.1,218.52,218.52,Tumor susceptibility gene 101 protein,14,20,3160000000,36.40%,"SUBCELLULAR LOCATION: Cytoplasm {ECO:0000269|PubMed:17853893}. Early endosome membrane {ECO:0000269|PubMed:23166352}; Peripheral membrane protein {ECO:0000305|PubMed:23166352}; Cytoplasmic side {ECO:0000305|PubMed:23166352}. Late endosome membrane {ECO:0000269|PubMed:11916981, ECO:0000269|PubMed:17229889}; Peripheral membrane protein. Cytoplasm, cytoskeleton, microtubule organizing center, centrosome {ECO:0000269|PubMed:17853893}. Midbody, Midbody ring {ECO:0000269|PubMed:17556548, ECO:0000269|PubMed:17853893}. Nucleus {ECO:0000269|PubMed:17229889}. Note=Mainly cytoplasmic. Membrane-associated when active and soluble when inactive. Nuclear localization is cell cycle-dependent. Interaction with CEP55 is required for localization to the midbody during cytokinesis. {ECO:0000269|PubMed:17556548, ECO:0000269|PubMed:17853893}.",TSG101,Unknown,NA,NA,NA,FALSE
P17275,-4.713386411038745,-4.953690644943069,-6.343887004669925,0.6345604817077031,-0.38851354907593755,0.5046295934995738,-0.07581943283738773,0.5180659155266523,0.6894243791246392,0.5303783439016589,0.8027113452420153,-0.19915927852443005,0.6195997928624721,0.6723677044751322,0.6723677044751322,0.7790750746155598,0.06704139363448222,0.9775906666614369,0.9775906666614369,5.883896603876144,1.0053437848961872e-10,6.073353614828217e-9,6.073353614828217e-9,6.083055882400574,6.881080133558685e-10,1.6178440680719314e-8,1.6178440680719314e-8,0.03300721243223259,0.9489589261807285,0.9557392221701116,0.9557392221701116,0.8730828562320853,1.3669505767943977,2.647266303727661,1.6210846091906606,P17275,P17275,1,25,12,12,P17275,HUMAN,36049.8,48.7,731,731.1,216.86,216.86,Transcription factor jun-B,12,25,10200000000,48.70%,SUBCELLULAR LOCATION: Nucleus.,JUNB,Unknown,NA,NA,NA,FALSE
TGGT1_410370-t26_1-p1,-2.612403134311765,-3.0154346247554957,-4.792974575408979,0.6750159470352396,-1.2677836334994794,0.6756243585410432,-1.1953419486369816,0.7297498517487798,0.5758048719723171,0.7171851752101869,0.878150394547417,-0.027583800126054547,0.9533511347429814,0.9613851847256981,0.9613851847256981,1.9309566242020426,9.516340613126626e-4,0.028490071056820686,0.028490071056820686,4.172997944625893,7.377440053125939e-8,1.660537571505326e-7,1.660537571505326e-7,4.200581744751948,5.950115954881009e-7,7.230331277069846e-7,7.230331277069846e-7,1.2039789909421756,0.06374431945573239,0.11600163137102887,0.11600163137102887,1.0652213336565084,3.8292433298031017,0.8742467100629195,-0.09828011350365674,TGGT1_410370,TGGT1_410370,1,25,14,10,TGGT1_410370-t26_1-p1,Toxoplasma_gondii_GT1,47909.3,34.4,782,782.1,205.54,143.14,TGGT1_410370,14,25,1900000000,34.40%,NA,NA,PV/PVM,MAF1-related,NA,NA,FALSE
TGGT1_411470-t26_1-p1,-1.9415683090491813,-2.7455569791875254,-5.432070751830076,0.666289917963355,-0.7869888282318867,0.7034447031072578,-1.0230698000104255,0.7230387702392773,0.6404088746374482,0.4990204416838291,0.7292001115772604,-0.0368560348589243,0.9559557686938888,0.9633596560891944,0.9633596560891944,1.552977772369586,0.03278715809622051,0.5167917937395214,0.5167917937395214,4.021013804937358,6.818524511185443e-6,7.840607893045667e-6,7.840607893045667e-6,4.0578698397962825,4.106374657080121e-5,4.375390697606945e-5,4.375390697606945e-5,0.8681732792622318,0.32235579094004896,0.3896140195606237,0.3896140195606237,1.054837838995582,3.02126564495198,0.7167441857976079,-0.22862656022603697,TGGT1_411470,TGGT1_411470,1,3,6,2,TGGT1_411470-t26_1-p1,Toxoplasma_gondii_GT1,40605,21.2,782,782.2,83.83,21.43,TGGT1_411470,2,3,126000000,9.20%,NA,NA,PV/PVM,MAF1-related,NA,NA,FALSE
TGGT1_208830-t26_1-p1,-2.5433646069538938,-2.317145727148532,-3.4430334121032917,0.5507269742536128,-1.1203989180854996,0.6495763231093127,-1.1372259293101203,0.706344921081989,0.680976714947999,0.6876974454752629,0.8008392237143874,-0.09232155335114889,0.7812637068514615,0.8213001214474139,0.8213001214474139,1.777398839677854,8.654513691718762e-5,0.005477217780412235,0.005477217780412235,3.416434331381951,1.1045738346255175e-8,4.8591493749858075e-8,4.8591493749858075e-8,3.5087558847331,7.466475699268683e-8,1.1419117219993651e-7,1.1419117219993651e-7,1.0364908703466607,0.027460315242663503,0.07536466916243409,0.07536466916243409,0.9927248822249882,3.500994109961254,0.09021306617478256,-0.7301618239476866,TGGT1_208830,TGGT1_208830,1,22,14,14,TGGT1_208830-t26_1-p1,Toxoplasma_gondii_GT1,55066.8,38.2,843,843.1,191.03,191.03,TGGT1_208830,14,22,1000000000,38.20%,NA,NA,Exported,GRA16,NA,NA,FALSE
TGGT1_292130-t26_1-p1,-3.1783473122220625,-2.5412276872607245,-4.126290953821643,0.7429646339647462,-1.4898347389826203,0.7399603093257523,-1.2916364513152485,0.784220284245341,0.6623930869209922,0.6664680886308888,0.7313100628915257,0.03655175413542344,0.9227423193773185,0.9399690654783103,0.9399690654783103,2.1241389241906163,5.192035917854933e-5,0.003737161172362391,0.003737161172362391,4.015358646809826,7.064037223770515e-9,3.670912124119148e-8,3.670912124119148e-8,3.978806892674403,7.552137062861105e-8,1.1524077439629733e-7,1.1524077439629733e-7,1.4272873492843576,0.009833647845811156,0.058372002858776494,0.058372002858776494,1.1370434137089953,4.242194971785891,0.7108836948145946,-0.30083899567729067,TGGT1_292130,TGGT1_292130,1,33,10,10,TGGT1_292130-t26_1-p1,Toxoplasma_gondii_GT1,33148.2,30,882,882.1,179.19,179.19,TGGT1_292130,10,33,9160000000,30.00%,NA,NA,Unknown,NA,RPL13A,60S ribosome,FALSE
TGGT1_263090-t26_1-p1,-0.6854707488161433,-0.2682171667506596,-1.8131304240688983,0.4372651991612983,-1.6892714364282204,0.99760249153167,-1.8282075469933512,0.5221077288140009,0.05882903987265725,0.6182958246079404,0.3875111094793401,0.4206477363527288,0.2942747284093788,0.35671924033867114,0.35671924033867114,2.4025573027395133,2.2541364672316802e-5,0.0025653504258021254,0.0025653504258021254,1.5660905909072946,4.1549580808735326e-4,4.3329911182475833e-4,4.3329911182475833e-4,1.1454428545545658,0.013797128887550612,0.01402936189557671,0.01402936189557671,2.1793872280635145,6.412666058629472e-4,0.05760728849389117,0.05760728849389117,1.5671725784181758,4.837349530908304,-1.8273147132403569,-2.8887025292390316,TGGT1_263090,TGGT1_263090,1,2,4,1,TGGT1_263090-t26_1-p1,Toxoplasma_gondii_GT1,37401.4,11.4,958,958.7,55.53,15.43,TGGT1_263090,1,2,12300000,3.70%,NA,NA,PV/PVM,14-3-3 protein,NA,cytosol,FALSE
TGGT1_306030-t26_1-p1,-3.0265278990506217,-2.928245373070217,-3.977428128053433,0.7761478962026069,-1.2128131388926238,0.7111643810327448,-1.1521899984360673,1.0171519642450833,0.49676827884335056,0.537380007827056,0.6462264381010766,0.18896370385465933,0.5782643955093791,0.6351520941585161,0.6351520941585161,1.942962630991218,4.2555065071559443e-5,0.0033479950031880374,0.0033479950031880374,4.071194862384964,1.44038597086491e-9,1.503958561554318e-8,1.503958561554318e-8,3.8822311585303044,2.6305934647666752e-8,5.1035066682057863e-8,5.1035066682057863e-8,1.3714652725190044,0.006443475168131419,0.05760728849389117,0.05760728849389117,1.3077216495134596,3.854907690448667,0.7687472647668852,-0.3890467999890554,TGGT1_306030,TGGT1_306030,1,21,10,10,TGGT1_306030-t26_1-p1,Toxoplasma_gondii_GT1,38401,36.3,1023,1023.1,151.5,151.5,TGGT1_306030,10,21,1620000000,36.30%,NA,NA,Unknown,NA,NA,ER,FALSE
TGGT1_300100-t26_1-p1,-3.113245456258203,-2.8039475354029113,-4.054615227720937,0.6225403733077655,-0.9648722975145718,0.44520836624145377,-0.8644778986976327,0.6521600905252154,0.8352608621801827,0.6057656937737423,0.8804229801732386,-0.2764232902146665,0.427482022696106,0.49039392430685885,0.49039392430685885,1.496093729068146,5.824251579080623e-4,0.019317101070617397,0.019317101070617397,3.9053547040893952,3.15368860020226e-9,2.2685394569938712e-8,2.2685394569938712e-8,4.181777994304062,1.2971599659894411e-8,3.2337219731256885e-8,3.2337219731256885e-8,0.6382518078914354,0.16595320140944161,0.23199160345790948,0.23199160345790948,0.7865588977710991,2.899668795316485,0.5968856244033593,-0.1154545885882529,TGGT1_300100,TGGT1_300100,1,19,13,13,TGGT1_300100-t26_1-p1,Toxoplasma_gondii_GT1,167184.5,10.6,1025,1025.1,151.36,151.36,TGGT1_300100,13,19,2500000000,10.60%,NA,NA,Unknown,NA,NA,NA,FALSE
TGGT1_309590-t26_1-p1,-3.211987313006284,-2.6945542322941933,-4.162615750723803,0.7552720757019801,-2.1272433702476454,1.6704593578413267,-1.7156948678365451,1.0137918960674945,-0.370132940503214,0.7355912469969945,-0.2875244659447693,1.3726073473759406,0.00425470951021973,0.011390878225045096,0.011390878225045096,2.965247763194044,3.610705506755123e-6,0.0010179180607793818,0.0010179180607793818,4.400164409493376,6.426727525554543e-9,3.510388022215733e-8,3.510388022215733e-8,3.0275570621174355,5.161019946245505e-6,5.74144376131159e-6,5.74144376131159e-6,3.294076466418036,1.8662327500832367e-5,0.015807796630948175,0.015807796630948175,2.633222761923174,6.040171681729028,1.109661350816746,-1.1696665500210306,TGGT1_309590,TGGT1_309590,1,27,11,11,TGGT1_309590-t26_1-p1,Toxoplasma_gondii_GT1,49712.2,16.6,1127,1127.1,135.57,135.57,TGGT1_309590,11,27,9980000000,16.60%,NA,NA,PV/PVM,ROP1,NA,NA,FALSE
P15407,-4.506239675777343,-4.303368577251238,-5.7663431625083215,0.43177302068519274,-0.5507836564982604,0.5891919237152736,-0.045172214297263105,0.41093222179069094,0.8520187079476557,0.3564288169471915,0.9760242531137506,-0.4669399847461159,0.23804557345658073,0.2978051161395018,0.2978051161395018,0.7450594311823489,0.0693981877520131,0.9990385921917461,0.9990385921917461,5.305731967630222,2.499419918419258e-10,7.617601427038153e-9,7.617601427038153e-9,5.772671952376338,8.645551426724704e-10,1.6178440680719314e-8,1.6178440680719314e-8,-0.16896204934835418,0.7348596075515408,0.7754304592473058,0.7754304592473058,0.5732091350141317,1.294237829251396,2.048109116429797,1.3375942976363755,P15407,P15407,1,20,9,9,P15407|E9PPX2|P15407-2|E9PKL5,HUMAN,29755,25.4,1138,1138.1,133.71,133.71,Fos-related antigen 1,9,20,3220000000,25.40%,SUBCELLULAR LOCATION: Nucleus.,FOSL1,Unknown,NA,NA,NA,FALSE
TGGT1_306060-t26_1-p1,-3.0447191376986247,-2.434704043141864,-3.8174420586765216,0.39818654113619967,-0.8175362158498647,0.5178498535261912,-0.7004721848052559,0.44267336521829337,1.0884671174627638,0.4725160530704702,0.8618319434497629,-0.5173430772184746,0.15892351922039963,0.20854859019496194,0.20854859019496194,1.216810653565349,0.0035474677889384965,0.07843845444430675,0.07843845444430675,3.5567615330767923,1.491627109846071e-8,5.941401628492452e-8,5.941401628492452e-8,4.074104610295267,2.5575887791430046e-8,5.001342681988893e-8,5.001342681988893e-8,0.24166112310908555,0.5987134694196061,0.6533702151762992,0.6533702151762992,0.5167653265193328,2.3026658368999784,0.23563540126395033,-0.2137984724883437,TGGT1_306060,TGGT1_306060,1,15,11,11,TGGT1_306060-t26_1-p1,Toxoplasma_gondii_GT1,330397.4,4.8,1148,1148.1,132.18,132.18,TGGT1_306060,11,15,318000000,4.80%,NA,NA,Unknown,NA,NA,NA,FALSE
P21580,-4.121775819596625,-3.4340740646192374,-4.855933583142365,0.6281310153959456,-0.5207188614812339,0.6248708619729095,-0.3087513768590089,0.8682401577343761,0.4434520542328447,0.6897856211141333,0.5111385158975731,0.2254616289891322,0.5337388825624709,0.5931795794050062,0.5931795794050062,1.1174920332244624,0.006938466251488196,0.13490132947577338,0.13490132947577338,4.8400180698404185,3.358770855070426e-10,8.416830964965372e-9,8.416830964965372e-9,4.614556440851286,6.435143632233043e-9,2.2969685737130785e-8,2.2969685737130785e-8,0.6401967481592535,0.18233337439145728,0.24983143198311056,0.24983143198311056,1.3485937824659655,2.090359702478449,1.5654856358636557,0.2798252077467957,P21580,P21580,1,9,9,9,P21580|A0A087WU80|D3TTY5|A0A087X1N1|A0A087WXL5|A0A087WVN3,HUMAN,91894.6,13,1214,1214.1,121.77,121.77,Tumor necrosis factor alpha-induced protein 3,9,9,298000000,13.00%,SUBCELLULAR LOCATION: Cytoplasm. Nucleus. Lysosome.; SUBCELLULAR LOCATION: A20p50: Cytoplasm.,TNFAIP3,Unknown,NA,NA,NA,FALSE
O75340-2,-2.6001049965865755,-2.6911112520212237,-4.027150645672538,0.6108580694903457,-1.3320079320143452,0.746713403589881,-1.2531363653688803,0.6674722439674697,0.7733923749676955,0.7848012540868212,0.656802320053058,-0.012636104726747144,0.9732680877796214,0.9773125381295515,0.9773125381295515,1.995033391475242,9.705232116503014e-5,0.005660827629332706,0.005660827629332706,3.808583540877076,1.4008726119676862e-8,5.6620693504022494e-8,5.6620693504022494e-8,3.821219645603823,1.253910814209321e-7,1.7734031289590854e-7,1.7734031289590854e-7,1.2799360439648655,0.018101375213560426,0.0653026360039845,0.0653026360039845,1.0819604822914812,3.9662155382299704,0.49660080183393907,-0.4447718911900591,O75340,O75340-2,1,17,8,8,O75340-2|O75340|A0A024QZ42|E7EPW6|O75340-3,HUMAN,21720.9,47.6,1244,1244.1,118.84,118.84,Isoform 2 of Programmed cell death protein 6,8,17,1350000000,47.60%,"SUBCELLULAR LOCATION: Endoplasmic reticulum membrane {ECO:0000269|PubMed:16957052, ECO:0000269|PubMed:27813252}; Peripheral membrane protein {ECO:0000269|PubMed:16957052}. Cytoplasmic vesicle, COPII-coated vesicle membrane {ECO:0000269|PubMed:27716508}. Cytoplasm {ECO:0000269|PubMed:27716508, ECO:0000269|PubMed:27784779}. Nucleus {ECO:0000269|PubMed:17045351, ECO:0000269|PubMed:21122810, ECO:0000269|PubMed:27784779}. Endosome {ECO:0000269|PubMed:19864416}. Note=Interaction with RBM22 induces relocalization from the cytoplasm to the nucleus (PubMed:17045351). Translocated from the cytoplasm to the nucleus after heat shock cell treatment. Accumulates in cytoplasmic vesicle-like organelles after heat shock treatment, which may represent stress granules (PubMed:21122810). In response to calcium increase, relocates from cytoplasm to COPII vesicle coat (PubMed:27716508). Localizes to endoplasmic reticulum exit site (ERES) (PubMed:27813252). {ECO:0000269|PubMed:17045351, ECO:0000269|PubMed:21122810, ECO:0000269|PubMed:27716508, ECO:0000269|PubMed:27813252}.",PDCD6,Novel PV/PVM,NA,NA,NA,FALSE
TGGT1_310780-t26_1-p1,-3.7019674621509875,-2.8403111293807033,-4.828300182945954,0.551611153763928,-1.4829308919068522,0.6399396744892363,-1.489888697999032,0.7484969535395514,0.8883729964590905,0.648297563463156,0.9351538407179683,-0.2646770822745611,0.5371588292861427,0.596244936265272,0.596244936265272,2.1334961312669103,1.633457811021277e-4,0.007908312416049869,0.007908312416049869,4.4372792611398495,9.420497875323736e-9,4.420186451070763e-8,4.420186451070763e-8,4.701956343414411,4.329453182504671e-8,7.404722000208949e-8,7.404722000208949e-8,1.221732712678381,0.0401755122460088,0.08959377582613563,0.08959377582613563,0.7997128666843158,4.262197187448285,1.1481238037676382,0.35965223231440074,TGGT1_310780,TGGT1_310780,1,7,6,6,TGGT1_310780-t26_1-p1,Toxoplasma_gondii_GT1,36397,42.6,1250,1250.1,117.78,117.78,TGGT1_310780,6,7,185000000,42.60%,NA,NA,PV/PVM,GRA4,NA,NA,FALSE
P18850,-4.04355705945144,-4.003197398832914,-4.655200748520747,0.690200066665557,-0.08110051913842815,0.6313443842878214,0.16737775096636953,0.796710745422477,0.16040633064025053,0.6407017116879797,0.2541326395509158,0.48246974192037567,0.1187141758673691,0.16352201016258536,0.16352201016258536,0.6466006111019881,0.04285029249210531,0.6500562309452569,0.6500562309452569,4.9237242959509935,1.92482152792254e-11,3.763986419419161e-9,3.763986419419161e-9,4.4412545540306185,8.186963771599956e-10,1.6178440680719314e-8,1.6178440680719314e-8,0.439331126006405,0.2605922507073569,0.32833653040707206,0.32833653040707206,1.6364038353085801,1.083769626821474,1.6522311471792226,0.12153928784140591,P18850,P18850,1,19,8,8,P18850,HUMAN,74868.6,13.8,1262,1262.1,116.29,116.29,Cyclic AMP-dependent transcription factor ATF-6 alpha,8,19,825000000,13.80%,SUBCELLULAR LOCATION: Endoplasmic reticulum membrane; Single-pass type II membrane protein.; SUBCELLULAR LOCATION: Processed cyclic AMP-dependent transcription factor ATF-6 alpha: Nucleus. Note=Under ER stress the cleaved N-terminal cytoplasmic domain translocates into the nucleus. THBS4 promotes its nuclear shuttling.,ATF6,Unknown,NA,NA,NA,FALSE
TGGT1_300000-t26_1-p1,-1.4046620377292427,-1.024287471540423,-2.7308484500044328,0.9678332509345611,-2.0773216486177537,0.33932206051257247,-1.7966692440789744,0.6229726596331048,0.7134451151116585,0.48535245546409284,0.7263602878797352,-0.11603259485961381,0.7807007444362516,0.8209855823524523,0.8209855823524523,2.540865552984447,2.2878963500228075e-5,0.0025653504258021254,0.0025653504258021254,2.3238027597274495,1.5580475971780903e-5,1.733270312809431e-5,1.733270312809431e-5,2.4398353545870632,5.939087847001702e-5,6.270890819727453e-5,6.270890819727453e-5,1.8209628514887504,0.003918349911525847,0.05760728849389117,0.05760728849389117,0.9661721168991311,5.133000939146998,-1.0420908109286549,-1.7064643473876395,TGGT1_300000,TGGT1_300000,1,18,8,8,TGGT1_300000-t26_1-p1,Toxoplasma_gondii_GT1,21340.8,39.5,1278,1278.1,114.53,114.53,TGGT1_300000,8,18,4280000000,39.50%,NA,NA,Unknown,NA,RPL18,60S ribosome,FALSE
TGGT1_217740-t26_1-p1,-0.6404612145239822,-0.35510196889897466,-1.005925661282855,0.26276451951677815,-1.092543503385625,0.11237322570147346,-0.8481359162249364,0.22984856341681562,0.7285527438594601,0.29947794506523784,0.776629479800032,-0.5264750484046696,0.08600888509508693,0.12414634975484316,0.12414634975484316,1.196455773230357,8.997898298867589e-4,0.027377053405232103,0.027377053405232103,0.8932790116603468,0.0031899503438554827,0.0032721655589033043,0.0032721655589033043,1.4197540600650165,3.276561776768325e-4,3.404363787102962e-4,3.404363787102962e-4,0.443864661400611,0.24771806125976398,0.31576119112350476,0.31576119112350476,0.5065389057278649,2.259154701266976,-2.5245553746902356,-2.638159374163584,TGGT1_217740,TGGT1_217740,1,20,9,9,TGGT1_217740-t26_1-p1,Toxoplasma_gondii_GT1,39237.7,29.5,1285,1285.1,113.95,113.95,TGGT1_217740,9,20,2080000000,29.50%,NA,NA,Unknown,NA,NA,NA,FALSE
TGGT1_229010-t26_1-p1,-3.2005789853574997,-3.03215851532789,-4.246994004940499,0.4693618649689203,-1.0515967744883254,0.6218600498358937,-0.8603172307351694,0.6469670030081889,0.8151075620716787,0.6700415526922557,0.8822702203292803,-0.2466312735741646,0.48104370638903904,0.5416229124283564,0.5416229124283564,1.5580146202380623,4.374109764440686e-4,0.01662653183494701,0.01662653183494701,4.095301452834946,1.8682775913682174e-9,1.6996383895357717e-8,1.6996383895357717e-8,4.34193272640911,8.800801959414946e-9,2.6233833415028854e-8,2.6233833415028854e-8,0.7093257290375827,0.12915470241121177,0.19155210796016195,0.19155210796016195,0.8199214316841231,3.032032545427996,0.7937291402118046,0.030823328885786185,TGGT1_229010,TGGT1_229010,1,10,7,7,TGGT1_229010-t26_1-p1,Toxoplasma_gondii_GT1,107737.1,11.7,1429,1429.1,98.14,98.14,TGGT1_229010,7,10,447000000,11.70%,NA,NA,PV/PVM,RON4,NA,NA,FALSE
TGGT1_220950-t26_1-p1,-1.1930481418976528,-2.4637861391257654,-3.9778204347680775,0.9038526069415603,-1.8944399693036533,0.793151173223476,-1.9009189980599956,0.8414488106669344,0.3278839233821175,0.8735931713894431,0.37626997954426034,0.5009344890921649,0.3569114677676115,0.4202685330518029,0.4202685330518029,2.750690924237178,1.283526811628458e-4,0.006680263390367806,0.006680263390367806,3.397896345819186,3.816352230472883e-6,4.5476293045754715e-6,4.5476293045754715e-6,2.8969618567270214,1.2942006994806448e-4,1.355504943140254e-4,1.355504943140254e-4,2.3986139727739895,0.003320267539857405,0.05760728849389117,0.05760728849389117,1.6570815477691976,5.581529254596131,0.07100198581525975,-1.2889461643384776,TGGT1_220950,TGGT1_220950,1,14,6,3,TGGT1_220950-t26_1-p1,Toxoplasma_gondii_GT1,35676.5,22.4,1442,1442.1,97.06,37.21,TGGT1_220950,6,14,2710000000,22.40%,NA,NA,PV/PVM,MAF1b,NA,NA,FALSE
TGGT1_410360-t26_1-p1,-1.4352706188976376,-2.084770112150694,-3.1325519828918247,0.28411487991131423,-0.7629021968408215,0.41624152203047765,-0.6050054125335578,0.45064005112742167,0.9272603857505952,0.3076724379037203,0.982259170507948,-0.5900925553860382,0.14704956658900548,0.1954097359254742,0.1954097359254742,1.048621027430423,0.016359942277900014,0.28825877461529037,0.28825877461529037,2.5821981273899532,2.457881503045769e-6,3.0280455662067865e-6,3.0280455662067865e-6,3.1722906827759916,1.79345440123667e-6,2.0700294231946962e-6,2.0700294231946962e-6,0.09386124930115136,0.85268162882819,0.876150708036485,0.876150708036485,0.43529695994959505,1.9431392017941886,-0.7743133786997993,-1.0374735617768585,TGGT1_410360,TGGT1_410360,1,6,6,3,TGGT1_410360-t26_1-p1,Toxoplasma_gondii_GT1,38306.6,20.6,1442,1442.2,93.04,33.19,TGGT1_410360,3,6,343000000,7.60%,NA,NA,PV/PVM,MAF1-related,NA,NA,FALSE
TGGT1_203600-t26_1-p1,-3.5999232332340956,-2.960032284408363,-3.953600121003808,0.5153469725467852,-0.6353966548187212,0.5683715973746974,-1.144530637573352,0.5797561984992594,0.7214234256448978,0.5810337895252571,1.0544035322013112,-0.32678633943660473,0.329096976767156,0.3923086918104881,0.3923086918104881,1.4510907856825361,5.12308256624995e-4,0.01824356665434061,0.01824356665434061,4.065645685701923,1.0299403036139802e-9,1.281234572372847e-8,1.281234572372847e-8,4.392432025138527,3.841581981991041e-9,1.8607413788299592e-8,1.8607413788299592e-8,0.5631773067594317,0.1985135155776349,0.2672388472738316,0.2672388472738316,0.7301599316351195,2.8034693020593626,0.7629966033033648,0.07694705033282637,TGGT1_203600,TGGT1_203600,1,9,6,6,TGGT1_203600-t26_1-p1,Toxoplasma_gondii_GT1,48116.9,19.1,1562,1562.1,87.17,87.17,TGGT1_203600,6,9,1190000000,19.10%,NA,NA,PV/PVM,GRA50,NA,NA,FALSE
TGGT1_314810-t26_1-p1,-2.4326247558937064,-1.759726676884071,-3.7286577969437245,0.7074852577153283,-1.8191225355805756,0.7189325457391824,-1.665703066157007,0.656602523943236,0.7558313389147261,0.6059187182835732,0.8315640803318161,-0.12146294820294101,0.7763974060263905,0.8177311409051305,0.8177311409051305,2.4146475622891206,5.029984293973543e-5,0.003699225405763586,0.003699225405763586,3.3125711713274972,3.693879642069417e-7,5.646811942666443e-7,5.646811942666443e-7,3.4340341195304385,1.969994089263109e-6,2.2676046287775084e-6,2.2676046287775084e-6,1.62094985266585,0.009706349014318265,0.058372002858776494,0.058372002858776494,0.9600909459007851,4.863193992503924,-0.017421256197754857,-0.7984092248216126,TGGT1_314810,TGGT1_314810,1,10,6,6,TGGT1_314810-t26_1-p1,Toxoplasma_gondii_GT1,30178.1,27.9,1640,1640.1,80.47,80.47,TGGT1_314810,6,10,1100000000,27.90%,NA,NA,Unknown,NA,RPL7,60S ribosome,FALSE
P53985,-3.7506569992133914,-2.8283411114256864,-3.6232352295871006,0.1082598376281752,-0.32745103096375544,0.3916742941425415,-0.14784746293646445,0.6647615392429859,0.8660174688224852,0.3672429207275434,0.9385226123107382,-0.5192853926313,0.12846630970576306,0.17467906982901787,0.17467906982901787,0.6206338948854214,0.07400049126093876,0.999812317632854,0.999812317632854,3.7837290946773723,2.4470580777139993e-9,1.952452235119448e-8,1.952452235119448e-8,4.303014487308673,4.661552701786766e-9,2.0089866562767092e-8,2.0089866562767092e-8,-0.2816361456811901,0.5083068489391152,0.5673381953022193,0.5673381953022193,0.5145902282501515,1.0282624809847871,0.4708439167820377,-0.0047227888750964375,P53985,P53985,1,6,4,4,P53985|P53985-2,HUMAN,54627.8,12.2,1691,1691.1,76.02,76.02,Monocarboxylate transporter 1,4,6,601000000,12.20%,"SUBCELLULAR LOCATION: Cell membrane {ECO:0000269|PubMed:15505343, ECO:0000269|PubMed:17127621, ECO:0000269|PubMed:24390345}; Multi-pass membrane protein {ECO:0000269|PubMed:15505343, ECO:0000269|PubMed:17127621, ECO:0000269|PubMed:24390345}.",SLC16A1,Unknown,NA,NA,NA,FALSE
TGGT1_217530-t26_1-p1,-2.6708250410991505,-3.046571540784298,-4.196920873842839,0.9086438313854106,-1.384790345648924,0.9681211263783267,-1.2023325499070217,0.9099584723596945,0.12644869594697647,0.8538512147243427,0.30848434439051764,0.6926771410431964,0.08255757151410566,0.11966249547224483,0.11966249547224483,2.203705108989916,3.5940295767535204e-5,0.003117590271322348,0.003117590271322348,4.21491614645404,3.805150970647201e-9,2.5263910162929032e-8,2.5263910162929032e-8,3.5222390054108437,3.373716743412381e-7,4.283506952018977e-7,4.283506952018977e-7,1.9862385888211689,9.79853090217298e-4,0.05760728849389117,0.05760728849389117,1.8718041966412702,4.4122777726487055,0.9176869177985822,-0.7178469657610559,TGGT1_217530,TGGT1_217530,1,12,6,6,TGGT1_217530-t26_1-p1,Toxoplasma_gondii_GT1,64097.4,14,1725,1725.1,73.1,73.1,TGGT1_217530,6,12,616000000,14.00%,NA,NA,Novel PV/PVM,NA,NA,NA,FALSE
TGGT1_289530-t26_1-p1,-2.9318456368181534,-2.252454051505713,-4.091948504771106,1.0441464946093346,-2.4974867155643694,0.8266265493578079,-2.1391877328546216,0.9552291235189423,0.2731092677380612,0.9200957303124836,0.40177868497776503,0.5990804980917289,0.16276953495438998,0.21301715154766007,0.21301715154766007,3.2548616986591377,1.3866261920843165e-6,5.212173786468048e-4,5.212173786468048e-4,4.0286072054813005,2.2384090846205028e-8,7.580118051322483e-8,7.580118051322483e-8,3.4295267073895714,1.393207409102957e-6,1.6230098708661513e-6,1.6230098708661513e-6,2.9174177223012245,7.128335699494383e-5,0.034450228101984996,0.034450228101984996,1.7669901717199643,6.65925816221136,0.7246132947446305,-0.8025260863872813,TGGT1_289530,TGGT1_289530,1,16,7,7,TGGT1_289530-t26_1-p1,Toxoplasma_gondii_GT1,22274.1,27.2,1748,1748.1,71.94,71.94,TGGT1_289530,7,16,5350000000,27.20%,NA,NA,Unknown,NA,RPL19,60S ribosome,FALSE
TGGT1_275690-t26_1-p1,-0.9599471266049517,-0.6133158181535592,-1.4579151769938643,0.22019598459258935,-0.6597306132510063,0.23763026111074342,-0.7836759165244855,0.3045750958040078,0.7713956600860654,0.37454859462296464,0.7415545126735986,-0.47223760234725576,0.1331167137596818,0.1797022516556279,0.1797022516556279,1.005940748920322,0.004352575486717743,0.09097652605145737,0.09097652605145737,1.2946301912833682,2.123595576240662e-4,2.2310943585161983e-4,2.2310943585161983e-4,1.7668677936306239,5.947986361881156e-5,6.278326946097957e-5,6.278326946097957e-5,0.24946566254048996,0.5245969577257164,0.5828280814404264,0.5828280814404264,0.5672766078875194,1.8519046989848138,-2.1086315550269994,-2.321121760568056,TGGT1_275690,TGGT1_275690,1,9,5,5,TGGT1_275690-t26_1-p1,Toxoplasma_gondii_GT1,114993.7,7,1754,1754.1,71.82,71.82,TGGT1_275690,5,9,219000000,7.00%,NA,NA,Unknown,NA,NA,NA,FALSE
TGGT1_205250-t26_1-p1,-2.005726258901416,-0.9680826434474898,-3.1324158923895276,0.910756452490378,-1.2799612118718786,0.49616130966340616,-1.1578936851685218,0.5118588860503501,0.7445836192543579,0.27382454708234083,0.7354549456585219,-0.19186898363482097,0.6780069902028292,0.7267736526793951,0.7267736526793951,1.767077747341819,0.001594506917812233,0.041763227819690586,0.041763227819690586,2.58355856373443,1.4863308818805705e-5,1.6583962313331038e-5,1.6583962313331038e-5,2.775427547369251,4.5125111501420956e-5,4.796049393946186e-5,4.796049393946186e-5,1.0270584648853793,0.10061941970425312,0.1601107699245006,0.1601107699245006,0.8812468792797855,3.4789314674340983,-0.7729035463396831,-1.3999499757203326,TGGT1_205250,TGGT1_205250,1,8,5,5,TGGT1_205250-t26_1-p1,Toxoplasma_gondii_GT1,62740.6,10.8,1761,1761.1,71.56,71.56,TGGT1_205250,5,8,253000000,10.80%,NA,NA,Unknown,NA,NA,NA,FALSE
TGGT1_215100-t26_1-p1,0.4783525620557589,0.8489343330603238,-0.0024711871083492798,-0.15287704439284946,-0.7454299562528731,0.002252236990947498,-1.0482167773299316,-0.18572030107986656,-0.07815594100173835,-0.06430905704873173,0.06134175604082938,-0.0917564489021706,0.7652467554331239,0.8074952506644598,0.8074952506644598,0.7966598254087771,0.01930665722065311,0.32987081503772453,0.32987081503772453,-0.5417687773852028,0.060907802403305615,0.06159972960549563,0.06159972960549563,-0.45001232848303224,0.17850108505971554,0.17924285270318127,0.17924285270318127,0.8050669178892316,0.05755386387718603,0.10859159034942573,0.10859159034942573,0.9933577133814333,1.4045402095627557,-4.011708242609378,-4.345917427171764,TGGT1_215100,TGGT1_215100,1,6,5,5,TGGT1_215100-t26_1-p1,Toxoplasma_gondii_GT1,262925.3,2.7,1765,1765.1,71.17,71.17,TGGT1_215100,5,6,85400000,2.70%,NA,NA,Unknown,NA,NA,NA,FALSE
Q9NU22,-3.2486120461861407,-3.0328473402162524,-4.592791754387061,0.4484423372139012,-0.22516780217019308,0.17998969179218022,-0.14663823769736245,0.5195736673444313,0.7991639825358751,0.47212879683220504,0.9366587876657532,-0.4628777618051345,0.2493788183250688,0.31027897844564467,0.31027897844564467,0.5909366432294572,0.14726458489305794,0.999812317632854,0.999812317632854,4.029784003558831,1.1205393443733009e-8,4.891334970341777e-8,4.891334970341777e-8,4.492661765363965,2.711517268770173e-8,5.183404811392347e-8,5.183404811392347e-8,-0.27697474187135684,0.5862773859136795,0.6424759701425018,0.6424759701425018,0.5777582077494936,0.9647808429960485,0.72583282112509,0.1684922546264113,Q9NU22,Q9NU22,1,8,8,8,Q9NU22,HUMAN,638399.7,1.9,1776,1776.1,70.51,70.51,Midasin,8,8,340000000,1.90%,"SUBCELLULAR LOCATION: Nucleus, nucleolus {ECO:0000269|PubMed:22002106}. Nucleus, nucleoplasm {ECO:0000269|PubMed:26601951}. Cytoplasm {ECO:0000269|PubMed:26601951}.",MDN1,Unknown,NA,NA,NA,FALSE
Q9NYA1-2,-3.0162292868001828,-2.7969551122538303,-3.349948858375583,0.6722498306182473,-0.5284545283819235,0.43346724923688007,-0.5331963237953454,0.6659273744529359,0.6252340216968417,0.6196249215636893,0.7141849543015469,-0.07189214403125599,0.8001498938991264,0.8369981701440646,0.8369981701440646,1.1286427700565724,0.0011987998036192458,0.03324212898068778,0.03324212898068778,3.6521950964444705,6.008092469725795e-10,1.0811370651639556e-8,1.0811370651639556e-8,3.7240872404757264,4.774265114022292e-9,2.0313055520079992e-8,2.0313055520079992e-8,0.4589332820573784,0.22282255116058344,0.29138333613307066,0.29138333613307066,1.0156027179043419,2.114195815230032,0.33453405714242784,-0.5334881330058999,Q9NYA1,Q9NYA1-2,1,8,6,6,Q9NYA1-2|Q9NYA1-3|Q9NYA1,HUMAN,51509.6,12.5,1865,1865.1,64.92,64.92,Isoform 2 of Sphingosine kinase 1,6,8,578000000,12.50%,"SUBCELLULAR LOCATION: Cytoplasm {ECO:0000269|PubMed:14575709, ECO:0000269|PubMed:19854831, ECO:0000269|PubMed:29662056}. Nucleus {ECO:0000269|PubMed:14575709, ECO:0000269|PubMed:19854831, ECO:0000269|PubMed:29662056}. Cell membrane {ECO:0000269|PubMed:19854831}. Endosome membrane {ECO:0000269|PubMed:24929359}; Peripheral membrane protein {ECO:0000269|PubMed:24929359}. Membrane, clathrin-coated pit {ECO:0000269|PubMed:24929359}. Cell junction, synapse {ECO:0000250|UniProtKB:Q8CI15}. Note=Translocated from the cytoplasm to the plasma membrane in a CIB1-dependent manner (PubMed:19854831). Binds to membranes containing negatively charged lipids but not neutral lipids (PubMed:24929359). Recruited to endocytic membranes by sphingosine where promotes membrane fusion (By similarity). {ECO:0000250|UniProtKB:Q8CI15, ECO:0000269|PubMed:19854831, ECO:0000269|PubMed:24929359}.",SPHK1,Unknown,NA,NA,NA,FALSE
TGGT1_258870A-t26_1-p1,-0.7503934178348761,-0.9831527294614463,-1.944253339706243,0.44484667662241767,-1.3915410191692115,0.4466586353488631,-1.398409568484566,0.5006689032200561,0.647387989607593,0.4473764035520659,0.8564078578793443,-0.29201026905761784,0.3964531206147309,0.45978776381201053,0.45978776381201053,1.854862948512739,7.149697484237498e-5,0.004742632664544206,0.004742632664544206,1.6858208170200393,5.298390736422964e-5,5.697538417456735e-5,5.697538417456735e-5,1.9778310860776571,6.379409917579458e-5,6.727413887522227e-5,6.727413887522227e-5,1.1029650247692706,0.022733420064047657,0.07037021628802402,0.07037021628802402,0.7691038487717444,3.6665834571218965,-1.7032372082963567,-2.1284376564082264,TGGT1_258870A,TGGT1_258870A,1,7,5,3,TGGT1_258870A-t26_1-p1,Toxoplasma_gondii_GT1,61681.2,9.6,1892,1892.1,63.5,40.5,TGGT1_258870A,5,7,720000000,9.60%,NA,NA,Unknown,NA,NA,NA,FALSE
TGGT1_258870B-t26_1-p1,-1.4259656471222801,-1.6175693983131523,-6.714578912619483,0.1390088042558606,-1.3628444259802692,0.5687213683582518,-1.0466383754803428,0.16098418924151642,0.735809695585495,0.2972568243618999,0.8738069548094101,-0.5133155286430702,0.623195396719584,0.6747286513993044,0.6747286513993044,1.4962341972846878,0.16521455463838458,0.999812317632854,0.999812317632854,3.5441974492393538,0.0015082428088289842,0.0015556053116672116,0.0015556053116672116,4.057512977882424,0.0020903746280087777,0.0021449006267982088,0.0021449006267982088,0.6914258720872355,0.6083481508571937,0.6611120444426234,0.6611120444426234,0.5212755692314898,2.899969063926346,0.2226151287306917,-0.22895250137619158,TGGT1_258870B,TGGT1_258870B,1,2,3,1,TGGT1_258870B-t26_1-p1,Toxoplasma_gondii_GT1,52338.7,7.8,1892,1892.2,40.48,17.48,TGGT1_258870B,1,2,36400000,2.90%,NA,NA,Unknown,NA,NA,NA,TRUE
TGGT1_254720-t26_1-p1,-2.6475524946336124,-2.3540474681930355,-3.5288833035157565,0.66829797136453,-1.5224595257147837,0.8990531573257704,-0.9250566712284839,0.9060559660661857,0.4428926586384775,0.7205289096344579,0.43120287516012695,0.3614362341984338,0.31303549588067964,0.3763322965758135,0.3763322965758135,2.0222420995693695,4.2292864177846464e-5,0.0033479950031880374,0.0033479950031880374,3.6419784232118704,1.013351920412925e-8,4.626409644746188e-8,4.626409644746188e-8,3.2805421890134365,3.418876693675664e-7,4.336730354220012e-7,4.336730354220012e-7,1.5851943326700675,0.0031786451347084375,0.05760728849389117,0.05760728849389117,1.500864688875104,4.024377599062484,0.32394642722903005,-0.9386016477989744,TGGT1_254720,TGGT1_254720,1,10,5,5,TGGT1_254720-t26_1-p1,Toxoplasma_gondii_GT1,28526.7,15.7,1985,1985.1,57.86,57.86,TGGT1_254720,5,10,3860000000,15.70%,NA,NA,PV/PVM,GRA8,NA,NA,FALSE
Q99661,-3.4821584678554642,-2.944424984704626,-4.219972352006687,0.7977174947969354,-0.6492494142583518,0.4560367643306116,-0.3947803982752954,0.6391294991516757,0.6400543675688667,0.6668846053198801,0.5994980512115167,0.020165881509584094,0.9536487241616626,0.9613851847256981,0.9613851847256981,1.1619569971665993,0.004246680039828421,0.090355462734211,0.090355462734211,4.188794025755368,1.3965589425511954e-9,1.4898698769811092e-8,1.4898698769811092e-8,4.168628144245784,1.4859915891812196e-8,3.491048295972268e-8,3.491048295972268e-8,0.5421807877764077,0.23814314188217106,0.30620990079338073,0.30620990079338073,1.1186937250064568,2.1854091965143776,0.8906163303173132,-0.12746505282079906,Q99661,Q99661,1,6,5,5,Q99661|Q99661-2,HUMAN,82224.4,7,2071,2071.1,54.07,54.07,Kinesin-like protein KIF2C,5,6,181000000,7.00%,"SUBCELLULAR LOCATION: Cytoplasm, cytoskeleton {ECO:0000269|PubMed:19632184, ECO:0000269|PubMed:21820309, ECO:0000269|PubMed:23891108}. Nucleus {ECO:0000250|UniProtKB:P70096}. Chromosome, centromere {ECO:0000269|PubMed:14960279, ECO:0000269|PubMed:17485487}. Chromosome, centromere, kinetochore {ECO:0000269|PubMed:14960279, ECO:0000269|PubMed:17485487, ECO:0000269|PubMed:23891108}. Note=Associates with the microtubule network at the growing distal tip (the plus-end) of microtubules, probably through interaction with MTUS2/TIP150 and MAPRE1 (By similarity). Association with microtubule plus ends is also mediated by interaction with KIF18B. Centromeric localization requires the presence of BUB1 and SGO2. {ECO:0000250|UniProtKB:P70096, ECO:0000269|PubMed:17485487, ECO:0000269|PubMed:21820309}.",KIF2C,Unknown,NA,NA,NA,FALSE
P49750-4,-1.5421891275070463,-2.5790344986672915,-3.72927290861273,0.5878913651555012,-0.9992315014342231,0.41900327785110275,-1.0407462712059081,0.593679076908859,0.8112557353841209,0.4431862249938455,0.9738358968944865,-0.38160582991197656,0.4054466765364525,0.46861158412122267,0.46861158412122267,1.5309288725473922,0.003986730047467591,0.08536144145938519,0.08536144145938519,3.127772164489683,1.4558243869316457e-6,1.8662576358430303e-6,1.8662576358430303e-6,3.5093779944016594,3.006363669574297e-6,3.401514479655467e-6,3.401514479655467e-6,0.6383830564080887,0.2850684628158273,0.3533846133037537,0.3533846133037537,0.6687704281265555,2.9741333280366753,-0.20893012099329616,-0.729593617778807,P49750,P49750-4,1,5,5,5,P49750-4|P49750|P49750-3|F8VU51,HUMAN,241869.3,3.2,2088,2088.1,53.08,53.08,Isoform 4 of YLP motif-containing protein 1,5,5,189000000,3.20%,SUBCELLULAR LOCATION: Nucleus {ECO:0000269|PubMed:17890166}. Nucleus speckle {ECO:0000250}. Note=Migrates to nucleolar caps upon blockage of transcription.,YLPM1,Unknown,NA,NA,NA,FALSE
Q9UK41,-4.400038360418445,-2.834086561557238,-3.440500489497003,0.40165613961073116,-0.12350042740281693,0.4429475770419982,-0.342338618363953,0.470815079697006,0.7554307571530465,0.449593026981727,0.9210449373449896,-0.3969848914161521,0.3003713513637583,0.3631723665702625,0.3631723665702625,0.6741724787162506,0.08923466277692987,0.999812317632854,0.999812317632854,3.999461426323761,7.1664895039879874e-9,3.712746399998677e-8,3.712746399998677e-8,4.396446317739913,2.0847427753913158e-8,4.35350914144989e-8,4.35350914144989e-8,-0.1640653685327672,0.7357456088983827,0.7759221659330012,0.7759221659330012,0.6515482149687525,1.1427079871397603,0.6944092629397377,0.08061351934154078,Q9UK41,Q9UK41,1,7,3,3,Q9UK41|Q9UK41-2,HUMAN,25710,15.8,2115,2115.1,51.88,51.88,Vacuolar protein sorting-associated protein 28 homolog,3,7,360000000,15.80%,SUBCELLULAR LOCATION: Cell membrane {ECO:0000269|PubMed:11916981}. Late endosome membrane {ECO:0000269|PubMed:11916981}; Peripheral membrane protein {ECO:0000269|PubMed:11916981}.,VPS28,Unknown,NA,NA,NA,FALSE
TGGT1_233500-t26_1-p1,-0.5217867822601737,-0.11830995929055846,-0.6549781330878789,0.3251908792505329,-0.48556544782985483,0.48990906340414897,-0.6073156552617983,0.2788260513744619,0.08415543482959688,0.38220239319753446,0.19246587000616588,0.23072144438878825,0.42117781480291494,0.4843115389117136,0.4843115389117136,0.9154726483524961,0.005404743555773059,0.10819081330875892,0.10819081330875892,0.8007237216862066,0.005703428312039152,0.005832738204240765,0.005832738204240765,0.5700022772974184,0.0725422723310401,0.07310411298656797,0.07310411298656797,0.7771619959346148,0.04844490856732105,0.09927984764099239,0.09927984764099239,1.3544839768682038,1.6585176719188892,-2.6204712500895337,-3.414283310804844,TGGT1_233500,TGGT1_233500,1,5,3,3,TGGT1_233500-t26_1-p1,Toxoplasma_gondii_GT1,39834.3,10.1,2136,2136.1,50.85,50.85,TGGT1_233500,3,5,88600000,10.10%,NA,NA,Unknown,NA,NA,NA,FALSE
TGGT1_288650-t26_1-p1,-2.319861590286799,-1.8215586640803327,-3.387714866264236,0.42449360167382916,-0.9294550922397457,0.4257252884030961,-0.8233638387585839,0.524026650701272,0.883271709725848,0.4125155666068433,1.0230467451353793,-0.5064689505843535,0.19305245438309185,0.24719774912112025,0.24719774912112025,1.3230997423454247,0.00307368986193155,0.06932195201942956,0.06932195201942956,2.9564019837233824,3.243591907452747e-7,5.080125658755854e-7,5.080125658755854e-7,3.4628709343077357,4.1352131070391387e-7,5.165962312080283e-7,5.165962312080283e-7,0.3699405149148113,0.4519658141508418,0.5149587457417433,0.5149587457417433,0.5289426968190049,2.5298722307527433,-0.38652257313869054,-0.7720710132885256,TGGT1_288650,TGGT1_288650,1,7,4,4,TGGT1_288650-t26_1-p1,Toxoplasma_gondii_GT1,48140,10.5,2141,2141.1,50.78,50.78,TGGT1_288650,4,7,190000000,10.50%,NA,NA,PV/PVM,GRA12,NA,NA,FALSE
TGGT1_295110-t26_1-p1,-2.1680086710634177,-1.2032332931339893,-3.1384202148395994,0.6571414312860195,-1.7010036478116106,0.8933940284027211,-1.7619952732007693,0.5860831212825803,0.7837186557956808,0.4405860850765458,0.6895903893951707,-0.09235335608345907,0.8278872425030026,0.8599148116019828,0.8599148116019828,2.3758006270181564,5.566146105553083e-5,0.0039229733906429335,0.0039229733906429335,2.814188559524302,2.32873045888399e-6,2.879420739182945e-6,2.879420739182945e-6,2.9065419156077614,1.1812033950874953e-5,1.2882047342298506e-5,1.2882047342298506e-5,1.6391461044227307,0.008752746991236076,0.05833511164052797,0.05833511164052797,0.9926892679949068,4.780153746544058,-0.5338996174912886,-1.2801961820935936,TGGT1_295110,TGGT1_295110,1,5,3,3,TGGT1_295110-t26_1-p1|TGGT1_295125-t26_1-p1,Toxoplasma_gondii_GT1,63697.4,7.1,2277,2277.1,45.02,45.02,TGGT1_295110,3,5,105000000,7.10%,NA,NA,PV/PVM,ROP7,NA,NA,FALSE
TGGT1_210370-t26_1-p1,-4.213974347388815,-2.588267046370012,-4.178065910707519,0.5096015582794277,-1.189825003580047,0.5913292352604403,-1.1497136382896478,0.5051985267912013,1.0744953759165965,0.28948412380868643,1.109506136650242,-0.6180973952484801,0.14752999497640698,0.19595366038680204,0.19595366038680204,1.6436726819697862,0.0011375303847160104,0.03233836379406944,0.03233836379406944,4.134005795857054,1.4481129542107994e-8,5.8251678051071753e-008,5.8251678051071753e-008,4.752103191105535,2.3749023293124867e-8,4.750905426427964e-8,4.750905426427964e-8,0.5516719256863671,0.30709168605908155,0.37559333837233294,0.37559333837233294,0.4039357925968172,3.2151375050607927,0.8338387973017177,0.40545404130081325,TGGT1_210370,TGGT1_210370,1,6,3,3,TGGT1_210370-t26_1-p1,Toxoplasma_gondii_GT1,52764.6,8.1,2297,2297.1,44.25,44.25,TGGT1_210370,3,6,117000000,8.10%,NA,NA,PV/PVM,ROP54,NA,NA,FALSE
TGGT1_293590-t26_1-p1,-0.4416927465520468,-0.23350163939917054,-0.7389380270366895,0.2350180724418016,-0.8908782384156138,0.39156999364899076,-0.7658612013395232,0.3428796048585088,0.33239463450775203,0.3364609645574447,0.4934521194495067,-0.08644121810194283,0.75819854815687,0.8010573667753565,0.8010573667753565,1.1548518787542548,9.063641683080093e-4,0.027377053405232103,0.027377053405232103,0.7978596298726555,0.005433358948282999,0.005559907235947183,0.005559907235947183,0.8843008479745984,0.008729352637945878,0.00888429602111038,0.00888429602111038,0.7419285017756255,0.055686866813588566,0.1061942899832977,0.1061942899832977,0.9993099646159829,2.1702211057056786,-2.623439334070444,-3.127217547717873,TGGT1_293590,TGGT1_293590,1,5,4,4,TGGT1_293590-t26_1-p1,Toxoplasma_gondii_GT1,59021.1,7.4,2300,2300.1,44.17,44.17,TGGT1_293590,4,5,132000000,7.40%,NA,NA,Unknown,NA,NA,NA,FALSE
Q9Y2K6,-3.4005416439765153,-3.5301856127886153,-3.7985494812740024,0.7002406338521602,-0.29792388021133964,0.6613505412795722,-0.17685996390852357,0.7690789910912951,0.2290853433528028,0.7164405911656448,0.403918078887531,0.3952759782270015,0.16568853177716683,0.2163094688394699,0.2163094688394699,0.9491696114070999,0.0034639505378239784,0.07709568861485867,0.07709568861485867,4.288203268693547,4.727295645030178e-11,4.67072525463135e-9,4.67072525463135e-9,3.892927290466545,1.8054484051259881e-9,1.6178440680719314e-8,1.6178440680719314e-8,0.6326679002869331,0.0913083087524089,0.1492972491587237,0.1492972491587237,1.538760062705767,1.73054919977654,0.9936350185182888,-0.3792774482871365,Q9Y2K6,Q9Y2K6,1,3,3,3,Q9Y2K6,HUMAN,103827,3.9,2324,2324.1,43.58,43.58,Ubiquitin carboxyl-terminal hydrolase 20,3,3,156000000,3.90%,"SUBCELLULAR LOCATION: Cytoplasm, perinuclear region {ECO:0000250}. Cytoplasm, cytoskeleton, microtubule organizing center, centrosome {ECO:0000269|PubMed:23486064}. Note=According to PubMed:12865408, it localizes in the endoplasmic reticulum; however the relevance of such result is unclear.",USP20,Unknown,NA,NA,NA,FALSE
Q6N043,-0.2913479343580797,-3.4391138283517577,-5.846226791271337,0.6606274310328459,-0.9581667724532209,0.9146224360463895,-0.5938159819655241,1.2590997886873387,-0.5447779751084493,0.6909291025216049,-0.44055020169580567,1.3739837779741721,0.173453850141556,0.22508414845756963,0.22508414845756963,1.6573110667814173,0.10561422146830232,0.999812317632854,0.999812317632854,4.07354920756577,2.73376554257657e-4,2.862373516105396e-4,2.862373516105396e-4,2.6995654295915976,0.018202697461705122,0.018459150333617634,0.018459150333617634,2.1499751551835447,0.10408377072031201,0.1639270932713294,0.1639270932713294,2.63476415514494,3.2442912805479325,0.771187093749888,-1.469238921840306,Q6N043,Q6N043,1,5,4,4,Q6N043|Q6N043-2|H0YL38|Q6N043-3|H0YLA6|Q6N043-5,HUMAN,111279.9,5.5,2371,2371.1,41.83,41.83,Zinc finger protein 280D,4,5,721000000,5.50%,SUBCELLULAR LOCATION: Nucleus {ECO:0000305}.,ZNF280D,Unknown,NA,NA,NA,FALSE
O94822-3,-4.910398849460835,-4.6729517589797585,-5.2644797717687615,0.26718453259645164,-0.050300678744146655,1.4863005911544591,0.39913323387484867,0.9320144285417602,-0.8258943946278802,0.5606503174821541,-0.5887419111566562,1.518855620335974,8.233989339423796e-4,0.003689481580830557,0.003689481580830557,0.6371211898783552,0.09681352568406176,0.999812317632854,0.999812317632854,5.760814260846826,3.904374067552147e-11,4.306445657409665e-9,4.306445657409665e-9,4.241958640510852,2.2188783588458228e-8,4.5548941067812006e-8,4.5548941067812006e-8,1.3444393427706232,0.011449500435131158,0.058948875965830455,0.058948875965830455,2.796998615878527,1.06350616293489,2.51971497002051,-0.06048837258161561,O94822,O94822-3,1,4,4,4,O94822-3|O94822|H7BYG8,HUMAN,207912,2.8,2424,2424.1,39.98,39.98,Isoform 3 of E3 ubiquitin-protein ligase listerin,4,4,340000000,2.80%,NA,LTN1,Unknown,NA,NA,NA,FALSE
TGGT1_204050-t26_1-p1,-1.0169140797631768,-0.774673633230672,-1.992752843883191,0.4416016010437665,-1.5657847900311972,0.44947518827024824,-1.6244228189199212,0.40526172477637745,0.7953557036429186,0.4121437395849334,0.9212563996363281,-0.4311854882207917,0.21922498360113016,0.2776630922960027,0.2776630922960027,2.0222243678943905,3.117450079874853e-5,0.0029801820642033007,0.0029801820642033007,1.6885674157111787,5.4365225517972425e-5,5.840506761743434e-5,5.840506761743434e-5,2.1197529039319702,3.301937773897931e-5,3.5338359661805444e-5,3.5338359661805444e-5,1.1639183162547675,0.017644384189290194,0.06446107096368113,0.06446107096368113,0.6132487408341535,4.024339695360654,-1.7003908834898027,-1.998812838664833,TGGT1_204050,TGGT1_204050,1,3,2,2,TGGT1_204050-t26_1-p1,Toxoplasma_gondii_GT1,85836.9,4,2441,2441.1,39.54,39.54,TGGT1_204050,2,3,59200000,4.00%,NA,NA,Unknown,NA,NA,NA,FALSE
TGGT1_206610-t26_1-p1,-0.31020783002099006,-0.2101783787495409,-0.9701808053723247,0.04467666079517486,-0.9917444553747441,0.2669552963543883,-0.9816384873011593,0.2301538419618346,0.6668243011831625,0.36647441849915785,0.6086934522189532,-0.4106938222984188,0.18889937603200563,0.24298349396056085,0.24298349396056085,1.2137565257405905,0.0011273365187931,0.032320164771839466,0.032320164771839466,0.7239207257835907,0.01535313752224251,0.01562565109438821,0.01562565109438821,1.1346145480820096,0.0027975201804668853,0.0028678820516725677,0.0028678820516725677,0.5759976490395328,0.15573615642960567,0.22108913856540327,0.22108913856540327,0.6361962944529341,2.296137251723521,-2.7000628821545005,-2.898592603043016,TGGT1_206610,TGGT1_206610,1,6,4,4,TGGT1_206610-t26_1-p1,Toxoplasma_gondii_GT1,96967.9,7.1,2442,2442.1,39.48,39.48,TGGT1_206610,4,6,294000000,7.10%,NA,NA,Unknown,NA,NA,NA,FALSE
Q8NDZ4,-2.134067970240845,-2.187672072928716,-3.3627723833363024,0.05784594138957163,-0.5266260400342747,0.9069767665526942,-0.6585237184651461,0.41832990468747505,0.8768615899174144,0.117427318175908,0.9665722878129662,-0.54657195616377785,0.1716381816256771,0.22310970117632947,0.22310970117632947,0.9677198619511227,0.023101235213235184,0.3830954839528168,0.3830954839528168,2.936649124870034,4.6839244218044596e-7,6.907461342181554e-7,6.907461342181554e-7,3.4832210810338116,5.13159775057451e-7,6.292205578178168e-7,6.292205578178168e-7,0.04600292308593251,0.9264861670204751,0.9395391795654279,0.9395391795654279,0.48403342129722554,1.7702027105888634,-0.4069926375627449,-0.7534841314383597,Q8NDZ4,Q8NDZ4,1,3,3,3,Q8NDZ4|Q8NDZ4-2|E7ET39,HUMAN,50165.6,7.4,2469,2469.1,38.74,38.74,Deleted in autism protein 1,3,3,33200000,7.40%,"SUBCELLULAR LOCATION: Cytoplasmic vesicle, COPI-coated vesicle. Golgi apparatus. Secreted.",DIPK2A,Unknown,NA,NA,NA,FALSE
Q6UWP8,-0.8643070961499812,-2.106404926833988,-6.714578912619483,0.4813891646703308,0.7777457965288809,0.8218304198045787,-1.8504739082747512,-1.2720139741247083,0.10297183212876074,0.38336813172141465,0.3454312309266368,-0.12055809600979478,0.9207678220754042,0.9382402235184014,0.9382402235184014,0.640007491390839,0.5992726919658883,0.999812317632854,0.999812317632854,3.332073747385721,0.006783623041747247,0.006933231646595449,0.006933231646595449,3.452631843395516,0.015629846142778844,0.015873842540084306,0.015873842540084306,0.4158059598631403,0.7906728146021238,0.8243295569274554,0.8243295569274554,0.9611042429308048,1.069675998105649,0.002789437925601833,-0.7814229248791521,Q6UWP8,Q6UWP8,1,7,2,2,Q6UWP8,HUMAN,60596.8,6.1,2477,2477.1,38.5,38.5,Suprabasin,2,7,40200000,6.10%,SUBCELLULAR LOCATION: Secreted {ECO:0000250}.,SBSN,Unknown,NA,NA,NA,TRUE
TGGT1_279350-t26_1-p1,-3.903948039115179,-3.229187450905491,-4.8653940288589785,0.5483625724445792,-1.0047739342002067,0.8091003813613759,-0.6592106497321717,0.8757180583150711,0.508943014748535,0.6756896962412865,0.6697949303763795,0.13784870452812092,0.7246212431637219,0.7706361727830466,0.7706361727830466,1.5592099690567671,0.0011637774818329186,0.03263633828141651,0.03263633828141651,4.726727516717127,1.3474814461881224e-9,1.4852877389095402e-8,1.4852877389095402e-8,4.588878812189007,1.9659011243663047e-8,4.1907016406623875e-8,4.1907016406623875e-8,0.96984099649431,0.07040060130020746,0.12410903293309113,0.12410903293309113,1.25048061346431,3.034587754975949,1.4480816216757346,0.25637245054742586,TGGT1_279350,TGGT1_279350,1,7,5,5,TGGT1_279350-t26_1-p1,Toxoplasma_gondii_GT1,36922.8,13.6,2499,2499.1,37.77,37.77,TGGT1_279350,5,7,324000000,13.60%,NA,NA,Unknown,NA,NA,NA,FALSE
TGGT1_207920-t26_1-p1,-3.470288681559364,-2.463368874854501,-3.943991865933832,0.8008504745128514,-1.092835117360787,0.9364314439272903,0.005098831909019707,1.0911704374400117,0.002313712613359074,0.4530782832934569,0.048443426311393166,0.7950040903310264,0.07664533731601103,0.11232421865269697,0.11232421865269697,1.3642508025192863,0.005487440634325019,0.10920006862306787,0.10920006862306787,4.112932467242636,2.292829094420818e-8,7.702721774007574e-8,7.702721774007574e-8,3.31792837691161,2.64367150891875e-6,3.006232172999036e-6,3.006232172999036e-6,1.33887223305691,0.025808233282748835,0.07374918433313454,0.07374918433313454,1.9863948387259143,2.6178378356199277,0.8120003182456456,-0.9044548346754576,TGGT1_207920,TGGT1_207920,1,4,4,4,TGGT1_207920-t26_1-p1,Toxoplasma_gondii_GT1,81487.7,8.1,2501,2501.1,37.66,37.66,TGGT1_207920,4,4,82000000,8.10%,NA,NA,Unknown,NA,NA,NA,FALSE
Q14BN4,-3.291733572186781,-2.7615218892410787,-4.318431997421954,0.39602736944101125,-0.22217823701155054,0.4926047650741293,-0.21909083146571046,0.6031479623790342,0.7083635450023034,0.4667712064906306,0.7874876017250275,-0.258287747517464,0.494837667694896,0.5552357644483692,0.5552357644483692,0.7102723600848319,0.07450377625048375,0.999812317632854,0.999812317632854,3.9468669787961392,8.308766910532491e-9,4.083510997211895e-8,4.083510997211895e-8,4.205154726313603,3.575616051188534e-8,6.380265564849912e-8,6.380265564849912e-8,-0.03765321327883342,0.9380328093485684,0.9484055570909166,0.9484055570909166,0.8068679512187922,1.2198760573378131,0.6399051662299362,-0.09410336386476759,Q14BN4,Q14BN4,1,5,3,3,Q14BN4|Q14BN4-3|Q14BN4-2|Q14BN4-6|Q14BN4-7|Q14BN4-4|B7Z964|Q14BN4-5|B7Z863|Q14BN4-8,HUMAN,96052.4,4.5,2516,2516.1,37.19,37.19,Sarcolemmal membrane-associated protein,3,5,10100000000,4.50%,"SUBCELLULAR LOCATION: Cell membrane, sarcolemma {ECO:0000250}; Single-pass type IV membrane protein {ECO:0000250}. Cytoplasm, cytoskeleton, microtubule organizing center, centrosome {ECO:0000250}. Note=Membrane-associated. Distributed in the transverse tubules and near the junctional sarcoplasmic reticulum. Detected along the Z- and M-lines in cardiomyocytes. Centrosome. Localizes to the centrosomes in a microtubule- dependent manner (By similarity). {ECO:0000250}.",SLMAP,Unknown,NA,NA,NA,FALSE
A0A0C4DH65,-2.23038735232082,-1.533872133587648,-3.0247395336221885,0.45895058506997577,-1.2905881706078624,0.5047475426650005,-1.061038860628646,0.544202580403788,0.8186366862498916,0.6695636692524921,0.867613626634587,-0.29875906209442493,0.42070319057511807,0.48409486180803557,0.48409486180803557,1.7201796099660682,2.977663180415126e-4,0.012591793174180464,0.012591793174180464,2.8073657675247006,4.313137719921396e-7,6.416598463717714e-7,6.416598463717714e-7,3.1061248296191257,1.075551462135425e-6,1.2709013609514993e-6,1.2709013609514993e-6,0.8770544535238292,0.08019992594465203,0.1365457219279103,0.1365457219279103,0.761546225557465,3.3786807569062898,-0.5409701379066203,-1.0979063887090723,A0A0C4DH65,A0A0C4DH65,1,3,3,3,A0A0C4DH65|A5PL33|A5PL33-2|A5PL33-3,HUMAN,113281.8,4.6,2543,2543.1,36.5,36.5,Protein KRBA1,3,3,48100000,4.60%,NA,KRBA1,Unknown,NA,NA,NA,FALSE
Q96F46,-5.554985391774464,-3.270984679349597,-5.087543705712357,0.6216452995618099,-0.11084849715597818,0.5321649765266236,0.14608326385410628,0.7118011489204377,0.313752761394844,0.6838168291104264,0.423551926933617,0.2687047193655939,0.5814521357297278,0.6380319737832206,0.6380319737832206,0.6197396801807602,0.2141017648507684,0.999812317632854,0.999812317632854,5.275194989141966,5.379928051155581e-9,3.154297503823107e-8,3.154297503823107e-8,5.006490269776371,9.912155117845067e-8,1.453524957246201e-7,1.453524957246201e-7,0.2510873360165299,0.6891012690420946,0.7355193074289381,0.7355193074289381,1.3970194760535333,1.0263509837586084,2.0164633723068084,0.6377994213665553,Q96F46,Q96F46,1,4,2,2,Q96F46|Q96F46-2,HUMAN,97547,2.3,2570,2570.1,35.91,35.91,Interleukin-17 receptor A,2,4,68500000,2.30%,SUBCELLULAR LOCATION: Isoform 1: Cell membrane {ECO:0000269|PubMed:17911633}; Single-pass type I membrane protein {ECO:0000255}.; SUBCELLULAR LOCATION: Isoform 2: Secreted {ECO:0000269|PubMed:24084331}.,IL17RA,Unknown,NA,NA,NA,FALSE
TGGT1_215360-t26_1-p1,-3.051600769307742,-2.892917678399179,-4.612056219756815,0.9983462344938538,-0.9106036488858552,0.7761049135747635,-0.8705607355278636,1.0608757085618683,-0.1669575318008874,0.9902531696722856,-0.07200834640715492,1.0758779456797138,0.019681336321851723,0.03642339210986016,0.03642339210986016,1.8469771987825523,4.828875639064497e-4,0.017951743172478232,0.017951743172478232,4.475253229063606,6.220249433418222e-9,3.4667386875212264e-8,3.4667386875212264e-8,3.399375283383892,1.6316996564205866e-6,1.8897774521296967e-6,1.8897774521296967e-6,1.9664601378865734,0.002256636327696178,0.05760728849389117,0.05760728849389117,2.300930898416921,3.6497266679671005,1.187476566606041,-0.8300650011259019,TGGT1_215360,TGGT1_215360,1,4,3,3,TGGT1_215360-t26_1-p1,Toxoplasma_gondii_GT1,43328.8,9.7,2618,2618.1,34.27,34.27,TGGT1_215360,3,4,207000000,9.70%,NA,NA,Novel PV/PVM,NA,NA,NA,FALSE
P15408,-3.9932551385505053,-4.390702129531676,-6.714578912619483,0.11043537787057384,-0.7464199097494203,0.24695314289240805,-0.0905901599464755,0.6560478916214051,0.5306889620606109,0.6582460658059729,0.5748487114289639,-0.13484821719719742,0.8161003630440644,0.8505304432281677,0.8505304432281677,0.8364256543955376,0.16373447327359475,0.999812317632854,0.999812317632854,5.450766013114812,3.4310213786801645e-8,9.929123459431135e-8,9.929123459431135e-8,5.58561423031201,2.2999854104463382e-7,3.029926263060733e-7,3.029926263060733e-7,0.28365681765075024,0.7051983975833709,0.748567988398037,0.748567988398037,0.9451014775427176,1.4895447072618766,2.198409195866021,1.166744434685963,P15408,P15408,1,5,2,2,P15408|P15408-2|P15408-3,HUMAN,35363.9,4.6,2629,2629.1,34.07,34.07,Fos-related antigen 2,2,5,47500000,4.60%,SUBCELLULAR LOCATION: Nucleus.,FOSL2,Unknown,NA,NA,NA,TRUE
TGGT1_213770-t26_1-p1,-0.09650996617023633,-1.297772620586034,-0.7714666990418524,1.6834493414748022e-4,0.045284721662030514,0.4852314021640136,-0.8336405717790208,-0.25653793444899364,0.3703053155300477,0.3323828323862938,0.7573600412279315,-0.4235215171201242,0.2906927615766046,0.3536187027736977,0.3536187027736977,0.5344890863173605,0.18750376311552702,0.999812317632854,0.999812317632854,0.8622275898582396,0.02383660506463177,0.02422326071902952,0.02422326071902952,1.2857491069783638,0.006935178519192734,0.007066779798321994,0.007066779798321994,-0.029343592061629037,0.9538359795010759,0.9589382224820623,0.9589382224820623,0.6218312244853894,0.8441170383196053,-2.5567342410237983,-2.7605532941625546,TGGT1_213770,TGGT1_213770,1,2,2,2,TGGT1_213770-t26_1-p1,Toxoplasma_gondii_GT1,136557.7,3.3,2652,2652.1,33.65,33.65,TGGT1_213770,2,2,25100000,3.30%,NA,NA,Unknown,NA,NA,NA,FALSE
TGGT1_291930-t26_1-p1,-1.680184814298247,-1.8962845125083496,-3.189540277856986,0.6623587091479887,-1.9986323404506472,0.806154402326602,-1.7025140594172852,0.6608692980262802,0.49413462387558515,0.7035834685526487,0.8503650847519421,0.03599161519961647,0.9260892187387477,0.9413941787840094,0.9413941787840094,2.558814669447346,1.002366029189655e-5,0.0017004342677853846,0.0017004342677853846,2.963578004401241,4.436680321907037e-7,6.580135698821352e-7,6.580135698821352e-7,2.9275863892016245,4.054062055434068e-6,4.535347861618205e-6,4.535347861618205e-6,1.8865648151335825,0.0018303151865686881,0.05760728849389117,0.05760728849389117,1.1364161431731545,5.171369449698601,-0.3790859986825725,-1.2609751342282793,TGGT1_291930,TGGT1_291930,1,3,2,2,TGGT1_291930-t26_1-p1,Toxoplasma_gondii_GT1,73302,3.8,2696,2696.1,32.65,32.65,TGGT1_291930,2,3,23000000,3.80%,NA,NA,Unknown,NA,NA,cytosol,FALSE
TGGT1_230980-t26_1-p1,-2.8203608045125526,-2.728095177855579,-4.101835619984275,0.6783859224287576,-1.0401114648570853,0.6844064483804135,-0.716238258713917,0.8762993483498694,0.3847256263243169,0.7913233396151431,0.5606804819051897,0.28490071057879274,0.45191975964733955,0.5145892113385896,0.5145892113385896,1.635778626479047,5.608959541379346e-4,0.01897511012848633,0.01897511012848633,3.974367632144349,7.5176917350027292e-009,3.825211008775024e-8,3.825211008775024e-8,3.6894669215655562,1.7890728007516415e-7,2.428745298933709e-7,2.428745298933709e-7,1.1630755723642938,0.028248704867657477,0.07633016658728854,0.07633016658728854,1.4151565264125479,3.198262961290495,0.6684043394342245,-0.5651087294497509,TGGT1_230980,TGGT1_230980,1,2,2,2,TGGT1_230980-t26_1-p1,Toxoplasma_gondii_GT1,202807.6,1.4,2721,2721.1,32.19,32.19,TGGT1_230980,2,2,40900000,1.40%,NA,NA,Unknown,NA,NA,NA,FALSE
TGGT1_216860-t26_1-p1,-2.066373319716395,-1.409028436236821,-3.293515593557717,0.5159046667823288,-2.2412512694298927,0.5353511945127386,-2.1514195851265474,0.5822351090334739,0.9181342845956753,0.5699651919482079,1.0673516831821124,-0.4418789433197067,0.297019084530016,0.35970864251606127,0.35970864251606127,2.747199467847407,9.706838640587859e-6,0.0017004342677853846,0.0017004342677853846,2.807169823739498,1.8654745876974615e-6,2.3469321421273754e-6,2.3469321421273754e-6,3.2490487670592048,2.6954445283744184e-6,3.0599626978156568e-6,3.0599626978156568e-6,1.7544564839585137,0.004958971520962471,0.05760728849389117,0.05760728849389117,0.601273695214048,5.5740658242034264,-0.5411731962049846,-0.9673662813320911,TGGT1_216860,TGGT1_216860,1,4,3,3,TGGT1_216860-t26_1-p1,Toxoplasma_gondii_GT1,49512.5,5,2727,2727.1,32.01,32.01,TGGT1_216860,3,4,219000000,5.00%,NA,NA,Unknown,NA,DDX39,cytosol,FALSE
Q6PJI9,-2.854896190332371,-2.3132181801801646,-2.4433163375374534,0.14279478842873192,-1.0052492517412188,1.0493219939341005,-0.6156952251941162,0.7078792630680227,0.6039654475964056,0.4336576938532134,0.721031878727038,-0.07908522834070464,0.8100576957355753,0.8452884591836679,0.8452884591836679,1.3938856732886844,7.145268149366317e-4,0.02197548851167271,0.02197548851167271,3.1205570041710136,3.0681037567930274e-8,9.251842935834343e-8,9.251842935834343e-8,3.199642232511718,2.0497807661400747e-7,2.7397899375155563e-7,2.7397899375155563e-7,0.7313870101269627,0.10122610837909464,0.16068305213668824,0.16068305213668824,1.0075475559423628,2.6811861265601147,-0.21640725620949838,-1.0124919225680624,Q6PJI9,Q6PJI9,1,2,2,2,Q6PJI9|Q6PJI9-2|B7Z7V6|Q6PJI9-3|Q6PJI9-4,HUMAN,111502.9,2.8,2734,2734.1,31.71,31.71,GATOR complex protein WDR59,2,2,43900000,2.80%,SUBCELLULAR LOCATION: Lysosome membrane {ECO:0000269|PubMed:28199306}.,WDR59,Unknown,NA,NA,NA,FALSE
A6NMQ1,-1.909930672895164,-0.8689488750884944,-2.913432751115291,0.24119160201892972,-1.2105190778859085,0.5709773405849481,-0.8208568581550832,0.5807689517708466,0.755130033878256,0.3971179245539703,0.9165512735136335,-0.3883266989637707,0.3861164284995272,0.4491856525494844,0.4491856525494844,1.4632019227526696,0.004585638901037434,0.0940194933467251,0.0940194933467251,2.344951387765157,2.661024253066358e-5,2.918069707657533e-5,2.918069707657533e-5,2.7332780867289275,3.4491189501719e-5,3.689019730771906e-5,3.689019730771906e-5,0.6273612690567251,0.28177111232712754,0.34980978825786146,0.34980978825786146,0.6612440755344775,2.8293583920002425,-1.020174298406274,-1.4384473416369166,A6NMQ1,A6NMQ1,1,4,3,3,A6NMQ1|P09884|A0A087WU64,HUMAN,168280.1,1.9,2740,2740.1,31.53,31.53,DNA polymerase,3,4,549000000,1.90%,SUBCELLULAR LOCATION: Nucleus {ECO:0000256|RuleBase:RU000442}.,POLA1,Unknown,NA,NA,NA,FALSE
TGGT1_215220-t26_1-p1,-2.353765273212147,-1.9331458144332516,-3.317831711247287,0.6071562483926187,-0.904470048742546,0.1696878415042076,-0.8661291036745358,0.5362219027678112,0.8700375169488767,0.5826858118408542,0.9529252198917517,-0.4375434172939411,0.24198871960155344,0.3019726441947824,0.3019726441947824,1.3592375273349138,0.0019776199612191463,0.0503029197654464,0.0503029197654464,3.0088522174239354,1.7431377763029876e-7,3.098809825135579e-7,3.098809825135579e-7,3.4463956347178764,2.9229903299769906e-7,3.764170645722177e-7,3.764170645722177e-7,0.44775615891459986,0.3492508463033829,0.4158801876256052,0.4158801876256052,0.6061288258958952,2.607121324742789,-0.3321679265086397,-0.7871187891618278,TGGT1_215220,TGGT1_215220,1,3,2,2,TGGT1_215220-t26_1-p1,Toxoplasma_gondii_GT1,55396.9,4.5,2787,2787.1,30.39,30.39,TGGT1_215220,2,3,165000000,4.50%,NA,NA,PV/PVM,GRA22,NA,NA,FALSE
TGGT1_305980-t26_1-p1,-0.4472566736455758,-0.07439626062832003,-1.1638286893491767,0.38381386635088877,-0.9297372393263422,0.5306499877454995,-1.0467322615037518,0.5023299931659847,0.23968925397070195,0.3758966853411739,0.2836024439411116,0.18652678419497992,0.5674937953890495,0.6251486518401675,0.6251486518401675,1.436407383565934,4.940210838743924e-4,0.017970680932764188,0.017970680932764188,1.0099998410252442,0.0029386823310794423,0.0030172142512390095,0.0030172142512390095,0.8234730568302644,0.027952081461396484,0.02826962379189964,0.02826962379189964,1.174761534610027,0.012711575835289441,0.060209089980043665,0.060209089980043665,1.304992669606848,2.7720816696815356,-2.403596534531082,-3.1827748359489996,TGGT1_305980,TGGT1_305980,1,3,3,3,TGGT1_305980-t26_1-p1,Toxoplasma_gondii_GT1,67520.5,5.9,2792,2792.1,30.35,30.35,TGGT1_305980,3,3,1740000000,5.90%,NA,NA,Unknown,NA,PDHE3I,apicoplast,FALSE
TGGT1_230160-t26_1-p1,-1.3939214963644424,-1.4714103891325108,-2.826966744981195,0.34507050908937575,-0.725911160499216,0.6661673213458597,-0.34938084298458155,0.10326827447000149,0.7956814922516745,0.25838735575181104,0.8992298205067935,-0.504232291214972,0.21411632427730784,0.2717012471980992,0.2717012471980992,0.8808693669061608,0.03929813809246145,0.607057539574416,0.607057539574416,2.2406562419903118,1.2937217136042667e-5,1.45162870883026e-5,1.45162870883026e-5,2.7448885332052835,9.914396212326735e-6,1.087561685677735e-5,1.087561685677735e-5,0.033413710526926765,0.947678116344169,0.9553366628858933,0.9553366628858933,0.5314474156154299,1.5845487736704371,-1.1282562914472618,-1.427842897364916,TGGT1_230160,TGGT1_230160,1,3,3,3,TGGT1_230160-t26_1-p1,Toxoplasma_gondii_GT1,15901.5,23.9,2838,2838.1,29.02,29.02,TGGT1_230160,3,3,101000000,23.90%,NA,NA,Unknown,NA,NA,NA,FALSE
Q5T0F9,-2.991841350162516,-4.027088671857252,-3.789253468972542,0.8815951039703032,-0.6892482445498211,1.0254429883224925,-0.3559368680639058,1.0427586264761168,-0.6575300424678289,0.9912515981970135,-0.36020489055767585,1.4941295457542338,4.0508570274005605e-4,0.0024861833423788873,0.0024861833423788873,1.5078546355483449,3.738230227990641e-4,0.01508716290512726,0.01508716290512726,4.5879899095722525,2.1482913898476442e-10,7.195751548145804e-9,7.195751548145804e-9,3.093860363818018,3.1945017213295363e-7,4.0781129521727627e-7,4.0781129521727627e-7,2.016722102061097,2.726408197715749e-4,0.05760728849389117,0.05760728849389117,2.7693091676708557,2.924809222997962,1.304306597646071,-1.1091081839525674,Q5T0F9,Q5T0F9,1,5,3,3,Q5T0F9|Q5T0F9-2|Q5T0F9-3|Q5T0F9-4,HUMAN,94451,3.6,2849,2849.1,28.79,28.79,Coiled-coil and C2 domain-containing protein 1B,3,5,231000000,3.60%,SUBCELLULAR LOCATION: Nucleus {ECO:0000269|PubMed:19423080}.,CC2D1B,Unknown,NA,NA,NA,FALSE
O75154-3,-4.8710079966038595,-5.583357896032018,-6.714578912619483,0.5494469142572764,-0.10611077146853683,0.5016187203603598,-0.04278008848923166,0.49130344611569493,0.0187886301969458,0.6583283169234229,0.22490165858859185,0.4283292050214197,0.30553670951608275,0.3683644648228467,0.3683644648228467,0.6246197793930728,0.14325035927256183,0.999812317632854,0.999812317632854,6.273155951165975,6.057207446231092e-11,4.878936378714235e-9,4.878936378714235e-9,5.844826746144555,1.6373379132557575e-9,1.6178440680719314e-8,1.6178440680719314e-8,0.502774635000304,0.34994760118755053,0.4162703005687354,0.4162703005687354,1.5757746566881188,1.0367828141223767,3.050659249318292,1.4034971456475145,O75154,O75154-3,1,3,2,2,O75154-3|O75154|O75154-2,HUMAN,88373.8,3.1,2873,2873.1,28.21,28.21,Isoform 3 of Rab11 family-interacting protein 3,2,3,28700000,3.10%,"SUBCELLULAR LOCATION: Recycling endosome membrane {ECO:0000269|PubMed:11495908, ECO:0000269|PubMed:15601896, ECO:0000269|PubMed:17007872, ECO:0000269|PubMed:17394487}; Peripheral membrane protein. Cytoplasm, cytoskeleton, microtubule organizing center, centrosome {ECO:0000269|PubMed:15158446, ECO:0000269|PubMed:15601896, ECO:0000269|PubMed:17394487, ECO:0000269|PubMed:18511905}. Cleavage furrow {ECO:0000269|PubMed:15158446, ECO:0000269|PubMed:15601896}. Midbody {ECO:0000269|PubMed:15601896, ECO:0000269|PubMed:16148947, ECO:0000269|PubMed:18511905}. Note=In early mitosis remains diffuse and distributed through the cell. The onset of anaphase sequesters these vesicles to the centrosomes at the opposite poles of the cell. During telophase these vesicles move from the centrosomes, to the furrow, and then to the midbody to aid in abscission (PubMed:15158446, PubMed:15601896, PubMed:18511905). Interaction with Rab11 mediates localization to endosomes (PubMed:11495908). Interaction with ARF6 mediates localization to the midbody (PubMed:16148947). {ECO:0000269|PubMed:11495908, ECO:0000269|PubMed:15601896, ECO:0000269|PubMed:16148947, ECO:0000269|PubMed:18511905}.",RAB11FIP3,Unknown,NA,NA,NA,TRUE
TGGT1_254470-t26_1-p1,-1.9976085889597759,-1.9243858014960251,-3.3252648961068845,0.43967532022723765,-1.2549030648809003,0.5914966084385695,-0.8600339591945155,0.6469256422471946,0.7014377417086121,0.6424264000099237,0.8483092999885182,-0.19474252811783366,0.6111176677962749,0.6651901770124833,0.6651901770124833,1.6375995047684393,6.407576259275274e-4,0.02064460046202691,0.02064460046202691,2.995884088251627,3.1541779155608474e-7,4.960754945765852e-7,4.960754945765852e-7,3.1906266163694608,1.2387369206486021e-6,1.4510550562860877e-6,1.4510550562860877e-6,0.8627259839198742,0.09602768059850876,0.15462239098750838,0.15462239098750838,0.8780289458843415,3.202155319335201,-0.3456069148387572,-1.0207263689481403,TGGT1_254470,TGGT1_254470,1,3,3,3,TGGT1_254470-t26_1-p1,Toxoplasma_gondii_GT1,80752.5,4.5,2883,2883.1,27.97,27.97,TGGT1_254470,3,3,53000000,4.50%,NA,NA,PV/PVM,MYR1,NA,NA,FALSE
TGGT1_216180-t26_1-p1,-3.2302863195207636,-2.6045404001410453,-4.435918887630458,0.9172632410954753,-2.1135632895423826,1.0707467231623615,-1.7498310419381193,1.0845482593422933,0.057485915559485595,0.9302607973929571,0.13537173023714907,0.9042759323499544,0.04310745226481603,0.06895154184958516,0.06895154184958516,2.9324019209885224,4.5472339331596365e-6,0.0010988065997056464,0.0010988065997056464,4.424286624345694,6.760086086083735e-9,3.590168167852634e-8,3.590168167852634e-8,3.52001069199574,1.0262530487078042e-6,1.214345597683981e-6,1.214345597683981e-6,2.8359730980902054,9.390207167245299e-5,0.03970883855848856,0.03970883855848856,2.1087627058993954,5.9699595325213615,1.1346594179696492,-0.7198822040681391,TGGT1_216180,TGGT1_216180,1,5,2,2,TGGT1_216180-t26_1-p1,Toxoplasma_gondii_GT1,16611.7,8.8,2921,2921.1,26.96,26.96,TGGT1_216180,2,5,177000000,8.80%,NA,NA,Unknown,NA,NA,NA,FALSE
TGGT1_286450-t26_1-p1,-2.1142886919622432,-4.818338252303146,-2.3635795966311486,0.7281117928157846,-2.058594019394846,0.518721761156081,-1.8514081558872968,0.620312871230481,-0.37932317946363125,0.37478913500634337,-0.17964464580715808,0.839967802687567,0.15554719960914604,0.20459415873940165,0.20459415873940165,2.5154849776932435,5.068322149027109e-4,0.01824056790442416,0.01824056790442416,3.6592194036843524,3.335398139776433e-6,4.022692301912183e-6,4.022692301912183e-6,2.8192516009967856,2.95734109830704e-4,3.077417697807664e-4,3.077417697807664e-4,2.794968890328638,0.0017099222113795233,0.05760728849389117,0.05760728849389117,2.0367473676081373,5.078746743800996,0.34181340960488715,-1.3599231140993995,TGGT1_286450,TGGT1_286450,1,2,2,2,TGGT1_286450-t26_1-p1,Toxoplasma_gondii_GT1,12976.4,13.3,2933,2933.1,26.79,26.79,TGGT1_286450,2,2,26200000,13.30%,NA,NA,PV/PVM,GRA5,NA,NA,TRUE
