id	ctrl.turbo.rah.nobiotin	ctrl.turbo.cyto.nobiotin	ctrl.noturbo.nobiotin	turborah.toxo.r1	turborah.mock.r1	turborah.toxo.r2	turborah.mock.r2	turborah.toxo.r3	turbocyto.toxo.r1	turborah.toxo.r4	turbocyto.toxo.r2	turborah.vs.turbocyto.logFC	turborah.vs.turbocyto.P.Value	turborah.vs.turbocyto.adj.P.Val	turborah.vs.turbocyto.Q.Value	turborah.toxo.vs.mock.logFC	turborah.toxo.vs.mock.P.Value	turborah.toxo.vs.mock.adj.P.Val	turborah.toxo.vs.mock.Q.Value	turborah.toxo.vs.ctrl.logFC	turborah.toxo.vs.ctrl.P.Value	turborah.toxo.vs.ctrl.adj.P.Val	turborah.toxo.vs.ctrl.Q.Value	turbocyto.toxo.vs.ctrl.logFC	turbocyto.toxo.vs.ctrl.P.Value	turbocyto.toxo.vs.ctrl.adj.P.Val	turbocyto.toxo.vs.ctrl.Q.Value	turborah.toxo.vs.all.logFC	turborah.toxo.vs.all.P.Value	turborah.toxo.vs.all.adj.P.Val	turborah.toxo.vs.all.Q.Value	turborah.vs.turbocyto.zscore	turborah.toxo.vs.mock.zscore	turborah.toxo.vs.ctrl.zscore	turbocyto.toxo.vs.ctrl.zscore	id.nodash	accession_number	numColumnsProteinObserved	numSpectraProteinObserved	numPepsUnique	numPepsUniqueSubgroupSpecificCI	accession_numbers	species	protein_mw	percentCoverage	groupNum	subgroupNum	scoreUnique	scoreUniqueSubgroupSpecificCI	entry_name	X20191014_Toxoplasma_TMT_FullExperiment.unique_peptides	X20191014_Toxoplasma_TMT_FullExperiment.numSpectra	X20191014_Toxoplasma_TMT_FullExperiment.totalIntensity	X20191014_Toxoplasma_TMT_FullExperiment.pct_cov	subcellular.location	gene	Location	toxo_gene_name	toxo_nonsecreted_gene_name	lopit_prediction	has.imputed
Q5VSL9	-3.678971239877193	-4.0604349343106225	-4.997694073460243	0.804430229095337	-1.2348191852072083	0.7921459784768631	-1.2786601688744808	1.0024793532427343	0.35048102179042945	0.8856988773053082	0.4744873887624118	0.4587044042536402	0.20374240078025832	0.2586583492478729	0.2586583492478729	2.1279282865709046	2.3393549653937712e-5	0.0024585158589435162	0.0024585158589435162	5.116888692079414	1.0139277173483479e-10	5.608292448259887e-9	5.608292448259887e-9	4.658184287825774	3.729178185318265e-9	1.720332817177685e-8	1.720332817177685e-8	1.7154440812944842	0.0017171406911876345	0.05714596606701369	0.05714596606701369	1.6231289468146428	4.255305881735226	1.855192545633875	0.3166799153167407	Q5VSL9	Q5VSL9	1	62	24	24	Q5VSL9|Q5VSL9-2|Q5VSL9-3|Q5VSL9-4|Q9ULQ0|Q9ULQ0-2	HUMAN	96315.8	37.3	341	341.1	400.36	400.36	Striatin-interacting protein 1	24	62	9310000000	37.30%	SUBCELLULAR LOCATION: Cytoplasm {ECO:0000269|PubMed:21834987}. Note=Enriched on the plasma membrane.	STRIP1	Unknown	NA	NA	NA	FALSE
O75340-2	-2.6001049965865755	-2.6911112520212237	-4.027150645672538	0.6108580694903457	-1.3320079320143452	0.746713403589881	-1.2531363653688803	0.6674722439674697	0.7733923749676955	0.7848012540868212	0.656802320053058	-0.012636104726747144	0.9732402459350953	0.9773087330784488	0.9773087330784488	1.995033391475242	9.387489760322425e-5	0.00544312552826971	0.00544312552826971	3.808583540877076	1.2840769331973694e-8	5.1593198642087854e-8	5.1593198642087854e-8	3.821219645603823	1.1658309600860297e-7	1.642517603171059e-7	1.642517603171059e-7	1.2799360439648655	0.01792810365883105	0.06450150650425415	0.06450150650425415	1.0913767610594165	3.9710874884034393	0.49199100934346657	-0.45887259137135916	O75340	O75340-2	1	17	8	8	O75340-2|O75340|A0A024QZ42|E7EPW6|O75340-3	HUMAN	21720.9	47.6	1244	1244.1	118.84	118.84	Isoform 2 of Programmed cell death protein 6	8	17	1350000000	47.60%	SUBCELLULAR LOCATION: Endoplasmic reticulum membrane {ECO:0000269|PubMed:16957052, ECO:0000269|PubMed:27813252}; Peripheral membrane protein {ECO:0000269|PubMed:16957052}. Cytoplasmic vesicle, COPII-coated vesicle membrane {ECO:0000269|PubMed:27716508}. Cytoplasm {ECO:0000269|PubMed:27716508, ECO:0000269|PubMed:27784779}. Nucleus {ECO:0000269|PubMed:17045351, ECO:0000269|PubMed:21122810, ECO:0000269|PubMed:27784779}. Endosome {ECO:0000269|PubMed:19864416}. Note=Interaction with RBM22 induces relocalization from the cytoplasm to the nucleus (PubMed:17045351). Translocated from the cytoplasm to the nucleus after heat shock cell treatment. Accumulates in cytoplasmic vesicle-like organelles after heat shock treatment, which may represent stress granules (PubMed:21122810). In response to calcium increase, relocates from cytoplasm to COPII vesicle coat (PubMed:27716508). Localizes to endoplasmic reticulum exit site (ERES) (PubMed:27813252). {ECO:0000269|PubMed:17045351, ECO:0000269|PubMed:21122810, ECO:0000269|PubMed:27716508, ECO:0000269|PubMed:27813252}.	PDCD6	Novel PV/PVM	NA	NA	NA	FALSE
A0A0C4DH65	-2.23038735232082	-1.533872133587648	-3.0247395336221885	0.45895058506997577	-1.2905881706078624	0.5047475426650005	-1.061038860628646	0.544202580403788	0.8186366862498916	0.6695636692524921	0.867613626634587	-0.29875906209442493	0.42025952990411064	0.4833559504334898	0.4833559504334898	1.7201796099660682	2.9009348457199207e-4	0.012194804857695116	0.012194804857695116	2.8073657675247006	4.04899110383458e-7	5.985387728437667e-7	5.985387728437667e-7	3.1061248296191257	1.0153841607458068e-6	1.1939639624434085e-6	1.1939639624434085e-6	0.8770544535238292	0.07984488202681252	0.1355907987862148	0.1355907987862148	0.7685814462579406	3.3832658107876754	-0.5512377859730595	-1.1214974491960306	A0A0C4DH65	A0A0C4DH65	1	3	3	3	A0A0C4DH65|A5PL33|A5PL33-2|A5PL33-3	HUMAN	113281.8	4.6	2543	2543.1	36.5	36.5	Protein KRBA1	3	3	48100000	4.60%	NA	KRBA1	Unknown	NA	NA	NA	FALSE
Q8NHP6	-3.688609004267192	-3.825274363560341	-4.535658061942149	0.8801900190134944	-0.8316156210960264	0.8921048420424382	-0.6711162376835782	1.089708281024062	-0.130599620969193	0.9481024080860497	-0.07207827686916106	1.053865336460688	0.00364921702406339	0.010235460260154447	0.010235460260154447	1.7038923169313134	6.132497763531436e-5	0.0041247179957512444	0.0041247179957512444	4.9690401974647385	2.6711803490464373e-11	3.74299146410132e-9	3.74299146410132e-9	3.9151748610040507	6.732794309793114e-9	2.2076228407149046e-8	2.2076228407149046e-8	1.8052312658504903	3.937131588958123e-4	0.05714596606701369	0.05714596606701369	2.294571609915735	3.348432657454511	1.7011403393792968	-0.3718113236138335	Q8NHP6	Q8NHP6	1	37	17	17	Q8NHP6|R4GMN1|Q8NHP6-2	HUMAN	60087.4	32.2	656	656.1	241.31	241.31	Motile sperm domain-containing protein 2	17	37	2290000000	32.20%	SUBCELLULAR LOCATION: Cell membrane {ECO:0000269|PubMed:28137892}; Single-pass membrane protein {ECO:0000305}.	MOSPD2	Novel PV/PVM	NA	NA	NA	FALSE
Q6P1N0	-3.503398665407838	-3.040138345416338	-4.468524836642861	0.8170238125131168	-0.9460881824664111	0.7561449721199539	-0.7197447495479435	0.9369668912022812	0.22037062703049282	0.8580574467908598	0.3515949879714176	0.5560654731555978	0.1405195903472909	0.18782774175337041	0.18782774175337041	1.67496474666373	3.3462823688066223e-4	0.013893268649748977	0.013893268649748977	4.512735563145566	8.504694543863915e-10	1.1225689959204911e-8	1.1225689959204911e-8	3.9566700899899683	4.657970060859462e-8	7.660026070743457e-8	7.660026070743457e-8	1.388981939162775	0.009107346341655139	0.057846258937580296	0.057846258937580296	1.7329687764275807	3.286566115940433	1.2256891971525188	-0.3333607998614921	Q6P1N0	Q6P1N0	1	71	33	1	Q6P1N0	HUMAN	104460	43	253	253.1	488.66	22.46	Coiled-coil and C2 domain-containing protein 1A	33	71	7700000000	43.00%	SUBCELLULAR LOCATION: Cytoplasm {ECO:0000269|PubMed:16033914}. Nucleus {ECO:0000250|UniProtKB:Q66HA5}. Cytoplasm, cytoskeleton, microtubule organizing center, centrosome {ECO:0000303|PubMed:20171170}.	CC2D1A	Novel PV/PVM	NA	NA	NA	FALSE
Q6N043	-0.2913479343580797	-3.4391138283517577	-5.846226791271337	0.6606274310328459	-0.9581667724532209	0.9146224360463895	-0.5938159819655241	1.2590997886873387	-0.5447779751084493	0.6909291025216049	-0.44055020169580567	1.3739837779741721	0.17204452266874812	0.2230476984329221	0.2230476984329221	1.6573110667814173	0.1044699974997784	0.9998123667806975	0.9998123667806975	4.07354920756577	2.605565132571317e-4	2.7212781182724653e-4	2.7212781182724653e-4	2.6995654295915976	0.017820333934861102	0.01804027183110713	0.01804027183110713	2.1499751551835447	0.1029476846078731	0.16231273480369302	0.16231273480369302	2.655719607450645	3.248810711348459	0.7680746153449364	-1.4982256237242733	Q6N043	Q6N043	1	5	4	4	Q6N043|Q6N043-2|H0YL38|Q6N043-3|H0YLA6|Q6N043-5	HUMAN	111279.9	5.5	2371	2371.1	41.83	41.83	Zinc finger protein 280D	4	5	721000000	5.50%	SUBCELLULAR LOCATION: Nucleus {ECO:0000305}.	ZNF280D	Unknown	NA	NA	NA	FALSE
P49750-4	-1.5421891275070463	-2.5790344986672915	-3.72927290861273	0.5878913651555012	-0.9992315014342231	0.41900327785110275	-1.0407462712059081	0.593679076908859	0.8112557353841209	0.4431862249938455	0.9738358968944865	-0.38160582991197656	0.40456162525601713	0.46753977516700534	0.46753977516700534	1.5309288725473922	0.0039041711661297264	0.08309954197274855	0.08309954197274855	3.127772164489683	1.3617583350097828e-6	1.735351754694164e-6	1.735351754694164e-6	3.5093779944016594	2.8250779233273e-6	3.1849604613307774e-6	3.1849604613307774e-6	0.6383830564080887	0.28414738211339674	0.3520956691405133	0.3520956691405133	0.6751162145827825	2.978520839302706	-0.21738716085052037	-0.7478329154748222	P49750	P49750-4	1	5	5	5	P49750-4|P49750|P49750-3|F8VU51	HUMAN	241869.3	3.2	2088	2088.1	53.08	53.08	Isoform 4 of YLP motif-containing protein 1	5	5	189000000	3.20%	SUBCELLULAR LOCATION: Nucleus {ECO:0000269|PubMed:17890166}. Nucleus speckle {ECO:0000250}. Note=Migrates to nucleolar caps upon blockage of transcription.	YLPM1	Unknown	NA	NA	NA	FALSE
Q5T0F9	-2.991841350162516	-4.027088671857252	-3.789253468972542	0.8815951039703032	-0.6892482445498211	1.0254429883224925	-0.3559368680639058	1.0427586264761168	-0.6575300424678289	0.9912515981970135	-0.36020489055767585	1.4941295457542338	3.9750860669289994e-4	0.0024528833840517846	0.0024528833840517846	1.5078546355483449	3.6670147120674185e-4	0.014664081237505004	0.014664081237505004	4.5879899095722525	1.9354660502814556e-10	6.4445270565312235e-9	6.4445270565312235e-9	3.093860363818018	3.01694454335016e-7	3.828673395957203e-7	3.828673395957203e-7	2.016722102061097	2.670707446359841e-4	0.05714596606701369	0.05714596606701369	2.79126444904402	2.92917264904675	1.3041012102574983	-1.132862011945047	Q5T0F9	Q5T0F9	1	5	3	3	Q5T0F9|Q5T0F9-2|Q5T0F9-3|Q5T0F9-4	HUMAN	94451	3.6	2849	2849.1	28.79	28.79	Coiled-coil and C2 domain-containing protein 1B	3	5	231000000	3.60%	SUBCELLULAR LOCATION: Nucleus {ECO:0000269|PubMed:19423080}.	CC2D1B	Unknown	NA	NA	NA	FALSE
A6NMQ1	-1.909930672895164	-0.8689488750884944	-2.913432751115291	0.24119160201892972	-1.2105190778859085	0.5709773405849481	-0.8208568581550832	0.5807689517708466	0.755130033878256	0.3971179245539703	0.9165512735136335	-0.3883266989637707	0.3852615229356291	0.4480683592007432	0.4480683592007432	1.4632019227526696	0.004496525918086634	0.09164737371227485	0.09164737371227485	2.344951387765157	2.5368646351273632e-5	2.7690606192578133e-5	2.7690606192578133e-5	2.7332780867289275	3.293276702492286e-5	3.5103928844632515e-5	3.5103928844632515e-5	0.6273612690567251	0.2808924459288322	0.34852517716534653	0.34852517716534653	0.6675339322616699	2.8336752089113935	-1.0330550380962964	-1.466986626960251	A6NMQ1	A6NMQ1	1	4	3	3	A6NMQ1|P09884|A0A087WU64	HUMAN	168280.1	1.9	2740	2740.1	31.53	31.53	DNA polymerase	3	4	549000000	1.90%	SUBCELLULAR LOCATION: Nucleus {ECO:0000256|RuleBase:RU000442}.	POLA1	Unknown	NA	NA	NA	FALSE
Q6P1N0-2	-2.7070349779808005	-2.6988468931461114	-4.881071514987576	0.7490652333949261	-0.9271183520358725	0.8212150191507614	-0.3982771644860136	0.964462227674015	0.3370807631730479	0.4744186148935306	0.4035333076957382	0.38198323834391534	0.45792979384199295	0.5193989533526551	0.5193989533526551	1.4149880320392514	0.01339657802213268	0.23964197812995855	0.23964197812995855	4.181274735816471	1.761478815030204e-7	3.0441178082973157e-7	3.0441178082973157e-7	3.799291497472556	4.454397956081866e-6	4.950475983576773e-6	4.950475983576773e-6	1.0446809966048585	0.12811517547242485	0.1900535223263188	0.1900535223263188	1.5365744349725827	2.7305615825754987	0.8803202986047588	-0.4791917654347748	Q6P1N0	Q6P1N0-2	1	2	33	2	Q6P1N0-2	HUMAN	104331.8	42.9	253	253.2	483.64	25.18	Isoform 2 of Coiled-coil and C2 domain-containing protein 1A	2	2	80600000	2.80%	SUBCELLULAR LOCATION: Cytoplasm {ECO:0000269|PubMed:16033914}. Nucleus {ECO:0000250|UniProtKB:Q66HA5}. Cytoplasm, cytoskeleton, microtubule organizing center, centrosome {ECO:0000303|PubMed:20171170}.	CC2D1A	Novel PV/PVM	NA	NA	NA	FALSE
Q6PJI9	-2.854896190332371	-2.3132181801801646	-2.4433163375374534	0.14279478842873192	-1.0052492517412188	1.0493219939341005	-0.6156952251941162	0.7078792630680227	0.6039654475964056	0.4336576938532134	0.721031878727038	-0.07908522834070464	0.8100153777248003	0.8452006563104261	0.8452006563104261	1.3938856732886844	7.029813212602175e-4	0.021492056212710105	0.021492056212710105	3.1205570041710136	2.856352404755642e-8	8.5310063385375e-8	8.5310063385375e-8	3.199642232511718	1.9310953818096116e-7	2.565892441337702e-7	2.565892441337702e-7	0.7313870101269627	0.10104354830548269	0.16006097642550085	0.16006097642550085	1.0164108583839235	2.6854305901827527	-0.22490506874987604	-1.034841869529288	Q6PJI9	Q6PJI9	1	2	2	2	Q6PJI9|Q6PJI9-2|B7Z7V6|Q6PJI9-3|Q6PJI9-4	HUMAN	111502.9	2.8	2734	2734.1	31.71	31.71	GATOR complex protein WDR59	2	2	43900000	2.80%	SUBCELLULAR LOCATION: Lysosome membrane {ECO:0000269|PubMed:28199306}.	WDR59	Unknown	NA	NA	NA	FALSE
Q99816	-3.916003318717317	-3.1578017989026304	-4.655990714958704	0.5740632027638805	-0.7737100648995793	0.654416626166577	-0.6543718243678838	0.6956176379190406	0.606910201110884	0.7182775561507908	0.7750909315802134	-0.03040681059547623	0.933720347537463	0.9460986829673058	0.9460986829673058	1.3746347003838038	0.0018356573955129597	0.04676754409931881	0.04676754409931881	4.570525699942956	8.072652907003814e-10	1.1027964489918457e-8	1.1027964489918457e-8	4.600932510538432	7.615817114322604e-9	2.349724124354763e-8	2.349724124354763e-8	0.6836341340382552	0.16239674313714142	0.22717980331539378	0.22717980331539378	1.0713283851866289	2.6442591021044457	1.285904203714433	0.2636289772631686	Q99816	Q99816	1	20	14	14	Q99816|F5H442|Q99816-2	HUMAN	44114.7	36.4	725	725.1	218.52	218.52	Tumor susceptibility gene 101 protein	14	20	3160000000	36.40%	SUBCELLULAR LOCATION: Cytoplasm {ECO:0000269|PubMed:17853893}. Early endosome membrane {ECO:0000269|PubMed:23166352}; Peripheral membrane protein {ECO:0000305|PubMed:23166352}; Cytoplasmic side {ECO:0000305|PubMed:23166352}. Late endosome membrane {ECO:0000269|PubMed:11916981, ECO:0000269|PubMed:17229889}; Peripheral membrane protein. Cytoplasm, cytoskeleton, microtubule organizing center, centrosome {ECO:0000269|PubMed:17853893}. Midbody, Midbody ring {ECO:0000269|PubMed:17556548, ECO:0000269|PubMed:17853893}. Nucleus {ECO:0000269|PubMed:17229889}. Note=Mainly cytoplasmic. Membrane-associated when active and soluble when inactive. Nuclear localization is cell cycle-dependent. Interaction with CEP55 is required for localization to the midbody during cytokinesis. {ECO:0000269|PubMed:17556548, ECO:0000269|PubMed:17853893}.	TSG101	Unknown	NA	NA	NA	FALSE
Q7Z460	-3.3250485552498263	-2.2981131778463246	-4.784066601584091	0.4148488019512741	-0.8022150671451992	0.3463347363232207	-0.6815638779658267	0.4869985651329058	0.962773465025681	0.49300196489386305	1.0712131828088216	-0.5816973068419354	0.25032544474835045	0.3109962766481608	0.3109962766481608	1.1771854896308285	0.02927679019981452	0.46442379925460486	0.46442379925460486	3.9043721286353974	2.780222852946868e-7	4.410068726735361e-7	4.410068726735361e-7	4.486069435477333	4.478425628514059e-7	5.494690036006122e-7	5.494690036006122e-7	0.1601921657135773	0.8018258846346282	0.8326873738086282	0.8326873738086282	0.4493790284481522	2.2219802974562786	0.5917988789916365	0.15719396042297626	Q7Z460	Q7Z460	1	26	15	12	Q7Z460|Q7Z460-3|Q7Z460-4|Q7Z460-5|F8WA11|Q7Z460-2	HUMAN	170474.5	12	715	715.1	221.88	172.21	CLIP-associating protein 1	15	26	625000000	12.00%	SUBCELLULAR LOCATION: Cytoplasm, cytoskeleton. Cytoplasm, cytoskeleton, microtubule organizing center, centrosome {ECO:0000269|PubMed:14654843}. Chromosome, centromere, kinetochore. Cytoplasm, cytoskeleton, spindle. Golgi apparatus, trans-Golgi network {ECO:0000305}. Note=Localizes to microtubule plus ends. Localizes to centrosomes, kinetochores and the mitotic spindle from prometaphase. Subsequently localizes to the spindle midzone from anaphase and to the midbody from telophase. In migrating cells localizes to the plus ends of microtubules within the cell body and to the entire microtubule lattice within the lamella. Localizes to the cell cortex and this requires ERC1 and PHLDB2.	CLASP1	Unknown	NA	NA	NA	FALSE
Q99570	-3.6129463436595377	-3.1513464285248385	-4.6171798154471455	0.40827464709269923	-0.6702545719827211	0.5222864376203916	-0.62357446070592	0.6415500036454012	0.867929891086445	0.5483014196315663	0.9082566679456546	-0.35799015251853505	0.3354462710063497	0.3983424468200403	0.3983424468200403	1.1770176433418351	0.005460677700229406	0.10739332810451166	0.10739332810451166	4.323927322874689	1.6639911542756545e-9	1.5345994918346867e-8	1.5345994918346867e-8	4.681917475393225	6.034052999624451e-9	2.1102263910287922e-8	2.1102263910287922e-8	0.28892436382578546	0.5429333392149114	0.6002251215581023	0.6002251215581023	0.7017587115309396	2.2216213295474656	1.0289585774152112	0.33867168436061623	Q99570	Q99570	1	42	28	28	Q99570	HUMAN	154412.9	24.8	344	344.1	399.3	399.3	Phosphoinositide 3-kinase regulatory subunit 4	28	42	3960000000	24.80%	SUBCELLULAR LOCATION: Late endosome {ECO:0000269|PubMed:14617358}. Cytoplasmic vesicle, autophagosome {ECO:0000305}. Membrane {ECO:0000305}; Lipid-anchor {ECO:0000305}. Note=As component of the PI3K complex I localized to pre-autophagosome structures. As component of the PI3K complex II localized predominantly to endosomes. Localizes also to discrete punctae along the ciliary axoneme (By similarity). {ECO:0000250|UniProtKB:Q8VD65, ECO:0000305}.	PIK3R4	Unknown	NA	NA	NA	FALSE
Q99661	-3.4821584678554642	-2.944424984704626	-4.219972352006687	0.7977174947969354	-0.6492494142583518	0.4560367643306116	-0.3947803982752954	0.6391294991516757	0.6400543675688667	0.6668846053198801	0.5994980512115167	0.020165881509584094	0.9536223264253612	0.961408413376277	0.961408413376277	1.1619569971665993	0.00419611635457437	0.08875181949958243	0.08875181949958243	4.188794025755368	1.2685016113642769e-9	1.3499907971576149e-8	1.3499907971576149e-8	4.168628144245784	1.3708839690600332e-8	3.201585269408953e-8	3.201585269408953e-8	0.5421807877764077	0.23780485059858975	0.30547658997824956	0.30547658997824956	1.1283829753481351	2.1894115696813494	0.8881550973801803	-0.1369551310934226	Q99661	Q99661	1	6	5	5	Q99661|Q99661-2	HUMAN	82224.4	7	2071	2071.1	54.07	54.07	Kinesin-like protein KIF2C	5	6	181000000	7.00%	SUBCELLULAR LOCATION: Cytoplasm, cytoskeleton {ECO:0000269|PubMed:19632184, ECO:0000269|PubMed:21820309, ECO:0000269|PubMed:23891108}. Nucleus {ECO:0000250|UniProtKB:P70096}. Chromosome, centromere {ECO:0000269|PubMed:14960279, ECO:0000269|PubMed:17485487}. Chromosome, centromere, kinetochore {ECO:0000269|PubMed:14960279, ECO:0000269|PubMed:17485487, ECO:0000269|PubMed:23891108}. Note=Associates with the microtubule network at the growing distal tip (the plus-end) of microtubules, probably through interaction with MTUS2/TIP150 and MAPRE1 (By similarity). Association with microtubule plus ends is also mediated by interaction with KIF18B. Centromeric localization requires the presence of BUB1 and SGO2. {ECO:0000250|UniProtKB:P70096, ECO:0000269|PubMed:17485487, ECO:0000269|PubMed:21820309}.	KIF2C	Unknown	NA	NA	NA	FALSE
Q9NYA1-2	-3.0162292868001828	-2.7969551122538303	-3.349948858375583	0.6722498306182473	-0.5284545283819235	0.43346724923688007	-0.5331963237953454	0.6659273744529359	0.6252340216968417	0.6196249215636893	0.7141849543015469	-0.07189214403125599	0.8003335364813404	0.8370380998574928	0.8370380998574928	1.1286427700565724	0.0011929220688640394	0.032616235102355805	0.032616235102355805	3.6521950964444705	5.537008398124946e-10	9.805157746829842e-9	9.805157746829842e-9	3.7240872404757264	4.459067094691487e-9	1.869929469265339e-8	1.869929469265339e-8	0.4589332820573784	0.2231506543087297	0.29098706880196124	0.29098706880196124	1.0245258797559356	2.1181634145322272	0.3290405176231874	-0.5488779231112424	Q9NYA1	Q9NYA1-2	1	8	6	6	Q9NYA1-2|Q9NYA1-3|Q9NYA1	HUMAN	51509.6	12.5	1865	1865.1	64.92	64.92	Isoform 2 of Sphingosine kinase 1	6	8	578000000	12.50%	SUBCELLULAR LOCATION: Cytoplasm {ECO:0000269|PubMed:14575709, ECO:0000269|PubMed:19854831, ECO:0000269|PubMed:29662056}. Nucleus {ECO:0000269|PubMed:14575709, ECO:0000269|PubMed:19854831, ECO:0000269|PubMed:29662056}. Cell membrane {ECO:0000269|PubMed:19854831}. Endosome membrane {ECO:0000269|PubMed:24929359}; Peripheral membrane protein {ECO:0000269|PubMed:24929359}. Membrane, clathrin-coated pit {ECO:0000269|PubMed:24929359}. Cell junction, synapse {ECO:0000250|UniProtKB:Q8CI15}. Note=Translocated from the cytoplasm to the plasma membrane in a CIB1-dependent manner (PubMed:19854831). Binds to membranes containing negatively charged lipids but not neutral lipids (PubMed:24929359). Recruited to endocytic membranes by sphingosine where promotes membrane fusion (By similarity). {ECO:0000250|UniProtKB:Q8CI15, ECO:0000269|PubMed:19854831, ECO:0000269|PubMed:24929359}.	SPHK1	Unknown	NA	NA	NA	FALSE
P21580	-4.121775819596625	-3.4340740646192374	-4.855933583142365	0.6281310153959456	-0.5207188614812339	0.6248708619729095	-0.3087513768590089	0.8682401577343761	0.4434520542328447	0.6897856211141333	0.5111385158975731	0.2254616289891322	0.5334015652199628	0.5924139576732943	0.5924139576732943	1.1174920332244624	0.006858597729024182	0.1325601388661398	0.1325601388661398	4.8400180698404185	3.0131975095674726e-10	7.514323629566801e-9	7.514323629566801e-9	4.614556440851286	5.887977530732406e-9	2.0932566200620495e-8	2.0932566200620495e-8	0.6401967481592535	0.18191276762591124	0.24899171246476984	0.24899171246476984	1.3599914629883207	2.0943156624827104	1.566704453048579	0.27625325405104684	P21580	P21580	1	9	9	9	P21580|A0A087WU80|D3TTY5|A0A087X1N1|A0A087WXL5|A0A087WVN3	HUMAN	91894.6	13	1214	1214.1	121.77	121.77	Tumor necrosis factor alpha-induced protein 3	9	9	298000000	13.00%	SUBCELLULAR LOCATION: Cytoplasm. Nucleus. Lysosome.; SUBCELLULAR LOCATION: A20p50: Cytoplasm.	TNFAIP3	Unknown	NA	NA	NA	FALSE
Q07960	-3.7904503781524777	-3.6273714840658533	-4.553998905583115	0.6439582898693016	-0.41553964102276586	0.7415640146499319	-0.19544741207420588	0.8286388311587768	0.3149927611521904	0.7650901808163373	0.2952645719221515	0.43968416258641607	0.17695772556450692	0.22862421478042136	0.22862421478042136	1.0503063556720726	0.00432811743652069	0.08989207533601978	0.08989207533601978	4.73541975172407	6.84443394212631e-11	4.69751660150424e-9	4.69751660150424e-9	4.295735589137654	2.6673843861845838e-9	1.5820835433401686e-8	1.5820835433401686e-8	0.7451776891349018	0.08301463890665486	0.13944966565588426	0.13944966565588426	1.6016708822361962	1.95062763507502	1.4577171974235745	-0.01917417293621124	Q07960	Q07960	1	56	20	20	Q07960	HUMAN	50491.8	53	450	450.1	325.56	325.56	Rho GTPase-activating protein 1	20	56	9550000000	53.00%	SUBCELLULAR LOCATION: Cytoplasm.	ARHGAP1	Unknown	NA	NA	NA	FALSE
Q8NDZ4	-2.134067970240845	-2.187672072928716	-3.3627723833363024	0.05784594138957163	-0.5266260400342747	0.9069767665526942	-0.6585237184651461	0.41832990468747505	0.8768615899174144	0.117427318175908	0.9665722878129662	-0.54657195616377785	0.1710712755481866	0.22204272468875014	0.22204272468875014	0.9677198619511227	0.022885691242852457	0.3772773512240824	0.3772773512240824	2.936649124870034	4.3849983144636067e-7	6.425821727130854e-7	6.425821727130854e-7	3.4832210810338116	4.806857591193789e-7	5.873194374896697e-7	5.873194374896697e-7	0.04600292308593251	0.9264008864911962	0.9395314177532849	0.9395314177532849	0.4890063926204651	1.7740023362674349	-0.4165297087420131	-0.7720705698586479	Q8NDZ4	Q8NDZ4	1	3	3	3	Q8NDZ4|Q8NDZ4-2|E7ET39	HUMAN	50165.6	7.4	2469	2469.1	38.74	38.74	Deleted in autism protein 1	3	3	33200000	7.40%	SUBCELLULAR LOCATION: Cytoplasmic vesicle, COPI-coated vesicle. Golgi apparatus. Secreted.	DIPK2A	Unknown	NA	NA	NA	FALSE
Q9P273	-3.6653698598257334	-3.625894774410145	-4.4740742798799	0.5200035111442732	-0.4032232047835332	0.58396968400315	-0.24642332243848206	0.7993006303131878	0.5422766042426672	0.6377253324605818	0.5952254633558549	0.06649875568103714	0.8320863351597441	0.86314446496897	0.86314446496897	0.9600730530913058	0.007519704561223741	0.14368617295111047	0.14368617295111047	4.557029427518891	1.0774673385058976e-10	5.751623268881482e-9	5.751623268881482e-9	4.490530671837854	1.403206781472331e-9	1.464199526285617e-8	1.464199526285617e-8	0.39132201929204474	0.34146566274791645	0.40837447504311636	0.40837447504311636	1.1806543304376618	1.7576483316483111	1.271841628721305	0.161327854338907	Q9P273	Q9P273	1	69	49	43	Q9P273	HUMAN	305281.2	23.6	104	104.2	747.34	668.75	Teneurin-3	43	69	4730000000	21.50%	SUBCELLULAR LOCATION: Cell membrane {ECO:0000250|UniProtKB:Q9WTS6}; Single-pass membrane protein {ECO:0000250|UniProtKB:Q9WTS6}. Cell projection, axon {ECO:0000250|UniProtKB:Q9WTS6}.	TENM3	Unknown	NA	NA	NA	FALSE
Q9Y2K6	-3.4005416439765153	-3.5301856127886153	-3.7985494812740024	0.7002406338521602	-0.29792388021133964	0.6613505412795722	-0.17685996390852357	0.7690789910912951	0.2290853433528028	0.7164405911656448	0.403918078887531	0.3952759782270015	0.1660742234527657	0.2163569288751771	0.2163569288751771	0.9491696114070999	0.003463602830076346	0.07663221261543915	0.07663221261543915	4.288203268693547	4.3006870869367326e-11	4.173121239587556e-9	4.173121239587556e-9	3.892927290466545	1.6821658080897229e-9	1.4742332023065252e-8	1.4742332023065252e-8	0.6326679002869331	0.09155567238896319	0.14917719294771473	0.14917719294771473	1.5515709043038468	1.7343294624393693	0.9917355446254217	-0.39242648251980244	Q9Y2K6	Q9Y2K6	1	3	3	3	Q9Y2K6	HUMAN	103827	3.9	2324	2324.1	43.58	43.58	Ubiquitin carboxyl-terminal hydrolase 20	3	3	156000000	3.90%	SUBCELLULAR LOCATION: Cytoplasm, perinuclear region {ECO:0000250}. Cytoplasm, cytoskeleton, microtubule organizing center, centrosome {ECO:0000269|PubMed:23486064}. Note=According to PubMed:12865408, it localizes in the endoplasmic reticulum; however the relevance of such result is unclear.	USP20	Unknown	NA	NA	NA	FALSE
Q8TEY7	-3.781820341404984	-3.672087275571456	-4.786092279426154	0.6701677100492618	-0.24206010318968635	0.720959956607228	0.0025206666977783876	0.8287735895710954	0.028865540703709138	0.7098196650023089	0.3716095492291028	0.5321926853410678	0.1356196878757256	0.18236265906679933	0.18236265906679933	0.8521999485534277	0.023739857322119366	0.38944946426481675	0.38944946426481675	4.812430195775005	1.686218336120462e-10	6.3864226684702036e-9	6.3864226684702036e-9	4.280237510433937	8.242017081707077e-9	2.41866522214493e-8	2.41866522214493e-8	0.6519624035870218	0.1551515708903696	0.2201279791578913	0.2201279791578913	1.706036215235444	1.5269433039390246	1.5379589938761558	-0.033535082801659684	Q8TEY7	Q8TEY7	1	26	15	15	Q8TEY7|Q8TEY7-2|Q8TEY7-3	HUMAN	108607.7	21.5	701	701.1	227.61	227.61	Ubiquitin carboxyl-terminal hydrolase 33	15	26	1640000000	21.50%	SUBCELLULAR LOCATION: Cytoplasm, perinuclear region {ECO:0000269|PubMed:19118533}. Cytoplasm, cytoskeleton, microtubule organizing center, centrosome {ECO:0000269|PubMed:23486064}. Note=Associates with centrosomes predominantly in S and G2 phases but less in G1 phase (PubMed:23486064). {ECO:0000269|PubMed:23486064}.; SUBCELLULAR LOCATION: Isoform 3: Golgi apparatus {ECO:0000269|PubMed:21801292}.	USP33	Unknown	NA	NA	NA	FALSE
P15408	-3.9932551385505053	-4.390702129531676	-6.722117839632363	0.11043537787057384	-0.7464199097494203	0.24695314289240805	-0.0905901599464755	0.6560478916214051	0.5306889620606109	0.6582460658059729	0.5748487114289639	-0.13484821719719742	0.8160192021765138	0.8502864625211484	0.8502864625211484	0.8364256543955376	0.16345667984431278	0.9998123667806975	0.9998123667806975	5.453278988785771	3.1689517488921e-8	9.124301996167921e-8	9.124301996167921e-8	5.5881272059829685	2.150593682455665e-7	2.820766986777848e-7	2.820766986777848e-7	0.28365681765075024	0.7050692068737434	0.7482321687334802	0.7482321687334802	0.9535007315356534	1.4932072861764822	2.2056977537207394	1.1783884330612708	P15408	P15408	1	5	2	2	P15408|P15408-2|P15408-3	HUMAN	35363.9	4.6	2629	2629.1	34.07	34.07	Fos-related antigen 2	2	5	47500000	4.60%	SUBCELLULAR LOCATION: Nucleus.	FOSL2	Unknown	NA	NA	NA	TRUE
P17275	-4.713386411038745	-4.953690644943069	-6.343887004669925	0.6345604817077031	-0.38851354907593755	0.5046295934995738	-0.07581943283738773	0.5180659155266523	0.6894243791246392	0.5303783439016589	0.8027113452420153	-0.19915927852443005	0.619128828279311	0.6718716519855834	0.6718716519855834	0.7790750746155598	0.06660912158426809	0.9697250038436951	0.9697250038436951	5.883896603876144	8.880996604775566e-11	5.3365859233544375e-9	5.3365859233544375e-9	6.083055882400574	6.15883152946299e-10	1.464199526285617e-8	1.464199526285617e-8	0.03300721243223259	0.9488914021486876	0.9557118255244194	0.9557118255244194	0.8809469264256892	1.3705532923569428	2.654384051336732	1.6370018036434266	P17275	P17275	1	25	12	12	P17275	HUMAN	36049.8	48.7	731	731.1	216.86	216.86	Transcription factor jun-B	12	25	10200000000	48.70%	SUBCELLULAR LOCATION: Nucleus.	JUNB	Unknown	NA	NA	NA	FALSE
P15407	-4.506239675777343	-4.303368577251238	-5.7663431625083215	0.43177302068519274	-0.5507836564982604	0.5891919237152736	-0.045172214297263105	0.41093222179069094	0.8520187079476557	0.3564288169471915	0.9760242531137506	-0.4669399847461159	0.23744607548944874	0.2967414165258328	0.2967414165258328	0.7450594311823489	0.06899984053291829	0.991651554325659	0.991651554325659	5.305731967630222	2.2267209172192143e-10	6.746362562710106e-9	6.746362562710106e-9	5.772671952376338	7.767337831960831e-10	1.464199526285617e-8	1.464199526285617e-8	-0.16896204934835418	0.7345620134566189	0.7748845832040807	0.7748845832040807	0.5788447876884802	1.2978050388008155	2.0519596707288073	1.349392240679159	P15407	P15407	1	20	9	9	P15407|E9PPX2|P15407-2|E9PKL5	HUMAN	29755	25.4	1138	1138.1	133.71	133.71	Fos-related antigen 1	9	20	3220000000	25.40%	SUBCELLULAR LOCATION: Nucleus.	FOSL1	Unknown	NA	NA	NA	FALSE
Q8WUM4	-3.048935082738458	-2.3976084773779127	-3.7895921595360655	0.32632160220818823	-0.36826410277509275	0.4201345224175782	-0.26432952165404977	0.46374049160316144	0.7911525775384539	0.41578310832599596	0.9813559579550256	-0.4797593366080086	0.18914527062460654	0.24278455920250067	0.24278455920250067	0.7227917433533022	0.056401206174632165	0.8430100282901688	0.8430100282901688	3.4852068376895438	1.797159909864989e-8	6.407212564804463e-8	6.407212564804463e-8	3.9649661742975524	3.3641368937172196e-8	5.960796824853008e-8	5.960796824853008e-8	-0.16346252439343734	0.7211227255143333	0.7628611909105703	0.7628611909105703	0.5643823804846675	1.2501817914711897	0.1550454441741717	-0.32567343930183723	Q8WUM4	Q8WUM4	1	106	40	40	Q8WUM4|Q8WUM4-2|Q8WUM4-3|F8WDK9|F8WBR8|F8WEQ7	HUMAN	96649	48.3	177	177.1	624.53	624.53	Programmed cell death 6-interacting protein	40	106	13300000000	48.30%	SUBCELLULAR LOCATION: Cytoplasm, cytosol {ECO:0000250|UniProtKB:Q9QZA2}. Melanosome {ECO:0000269|PubMed:17081065}. Cytoplasm, cytoskeleton, microtubule organizing center, centrosome {ECO:0000269|PubMed:17556548, ECO:0000269|PubMed:17853893}. Secreted, exosome {ECO:0000269|PubMed:22660413}. Cell junction, tight junction {ECO:0000250|UniProtKB:Q9WU78}. Midbody, Midbody ring {ECO:0000269|PubMed:17853893, ECO:0000269|PubMed:18641129}. Note=Identified by mass spectrometry in melanosome fractions from stage I to stage IV. Colocalized with CEP55 at centrosomes of non-dividing cells. Component of the actomyosin-tight junction complex (By similarity). PDCD6IP targeting to the midbody requires the interaction with CEP55 (PubMed:18641129). {ECO:0000250|UniProtKB:Q9QZA2, ECO:0000250|UniProtKB:Q9WU78, ECO:0000269|PubMed:17081065, ECO:0000269|PubMed:17556548, ECO:0000269|PubMed:17853893, ECO:0000269|PubMed:18641129}.	PDCD6IP	Novel PV/PVM	NA	NA	NA	FALSE
Q14BN4	-3.291733572186781	-2.7615218892410787	-4.318431997421954	0.39602736944101125	-0.22217823701155054	0.4926047650741293	-0.21909083146571046	0.6031479623790342	0.7083635450023034	0.4667712064906306	0.7874876017250275	-0.258287747517464	0.49438091916392257	0.5543858056513077	0.5543858056513077	0.7102723600848319	0.0741281029053471	0.9998123667806975	0.9998123667806975	3.9468669787961392	7.592520470939636e-9	3.71146211032024e-8	3.71146211032024e-8	4.205154726313603	3.298788352004825e-8	5.8666447529308445e-008	5.8666447529308445e-008	-0.03765321327883342	0.9379700320930988	0.9484044551801237	0.9484044551801237	0.8142399661106906	1.2234069556469234	0.6360768098476888	-0.10310868065288721	Q14BN4	Q14BN4	1	5	3	3	Q14BN4|Q14BN4-3|Q14BN4-2|Q14BN4-6|Q14BN4-7|Q14BN4-4|B7Z964|Q14BN4-5|B7Z863|Q14BN4-8	HUMAN	96052.4	4.5	2516	2516.1	37.19	37.19	Sarcolemmal membrane-associated protein	3	5	10100000000	4.50%	SUBCELLULAR LOCATION: Cell membrane, sarcolemma {ECO:0000250}; Single-pass type IV membrane protein {ECO:0000250}. Cytoplasm, cytoskeleton, microtubule organizing center, centrosome {ECO:0000250}. Note=Membrane-associated. Distributed in the transverse tubules and near the junctional sarcoplasmic reticulum. Detected along the Z- and M-lines in cardiomyocytes. Centrosome. Localizes to the centrosomes in a microtubule- dependent manner (By similarity). {ECO:0000250}.	SLMAP	Unknown	NA	NA	NA	FALSE
Q9UK41	-4.400038360418445	-2.834086561557238	-3.440500489497003	0.40165613961073116	-0.12350042740281693	0.4429475770419982	-0.342338618363953	0.470815079697006	0.7554307571530465	0.449593026981727	0.9210449373449896	-0.3969848914161521	0.2998285418594485	0.36231526635764477	0.36231526635764477	0.6741724787162506	0.0888253320887737	0.9998123667806975	0.9998123667806975	3.999461426323761	6.541550904031974e-9	3.374115903414038e-8	3.374115903414038e-8	4.396446317739913	1.916366638984207e-8	3.9905517070612314e-8	3.9905517070612314e-8	-0.1640653685327672	0.7354824918033362	0.7753691598541127	0.7753691598541127	0.657766019948759	1.1462012038785008	0.690878116411459	0.07414692341322572	Q9UK41	Q9UK41	1	7	3	3	Q9UK41|Q9UK41-2	HUMAN	25710	15.8	2115	2115.1	51.88	51.88	Vacuolar protein sorting-associated protein 28 homolog	3	7	360000000	15.80%	SUBCELLULAR LOCATION: Cell membrane {ECO:0000269|PubMed:11916981}. Late endosome membrane {ECO:0000269|PubMed:11916981}; Peripheral membrane protein {ECO:0000269|PubMed:11916981}.	VPS28	Unknown	NA	NA	NA	FALSE
Q86VY9	-3.2277494980717925	-2.736024357520814	-3.335846629142341	0.6810053935947312	-0.07638615650518218	0.6862497620069481	0.1200029846275833	0.7240312598505398	0.04355112978791563	0.6687277771636976	0.16926796868551913	0.5835939989172618	0.057718691563763545	0.08775224219210526	0.08775224219210526	0.6681951340927786	0.0328729859346941	0.5118141282332235	0.5118141282332235	3.789877043065629	3.9934892896141137e-10	8.481073171548767e-9	8.481073171548767e-9	3.2062830441483667	3.5613034208622336e-8	6.20874204476915e-8	6.20874204476915e-8	0.5617855848560613	0.14554501726771488	0.2098918923976523	0.2098918923976523	1.7640256312182923	1.1334176331924284	0.47249958830018585	-1.028688326295283	Q86VY9	Q86VY9	1	32	15	15	Q86VY9	HUMAN	54583.3	37.2	620	620.1	251.04	251.04	Transmembrane protein 200A	15	32	2450000000	37.20%	SUBCELLULAR LOCATION: Membrane {ECO:0000305}; Multi-pass membrane protein {ECO:0000305}.	TMEM200A	Unknown	NA	NA	NA	FALSE
P18850	-4.04355705945144	-4.003197398832914	-4.655200748520747	0.690200066665557	-0.08110051913842815	0.6313443842878214	0.16737775096636953	0.796710745422477	0.16040633064025053	0.6407017116879797	0.2541326395509158	0.48246974192037567	0.11880107499892895	0.16320588857083254	0.16320588857083254	0.6466006111019881	0.04285352269684115	0.649172958691337	0.649172958691337	4.9237242959509935	1.725389759160246e-11	3.31870071491096e-9	3.31870071491096e-9	4.4412545540306185	7.52448715067204e-10	1.464199526285617e-8	1.464199526285617e-8	0.439331126006405	0.2607834753872335	0.3282241121733781	0.3282241121733781	1.6499402859818084	1.0872340636520725	1.6539229860690612	0.1156673631336818	P18850	P18850	1	19	8	8	P18850	HUMAN	74868.6	13.8	1262	1262.1	116.29	116.29	Cyclic AMP-dependent transcription factor ATF-6 alpha	8	19	825000000	13.80%	SUBCELLULAR LOCATION: Endoplasmic reticulum membrane; Single-pass type II membrane protein.; SUBCELLULAR LOCATION: Processed cyclic AMP-dependent transcription factor ATF-6 alpha: Nucleus. Note=Under ER stress the cleaved N-terminal cytoplasmic domain translocates into the nucleus. THBS4 promotes its nuclear shuttling.	ATF6	Unknown	NA	NA	NA	FALSE
Q6UWP8	-0.8643070961499812	-2.106404926833988	-6.722117839632363	0.4813891646703308	0.7777457965288809	0.8218304198045787	-1.8504739082747512	-1.2720139741247083	0.10297183212876074	0.38336813172141465	0.3454312309266368	-0.12055809600979478	0.9205780900521171	0.9378685600864193	0.9378685600864193	0.640007491390839	0.5983912210565225	0.9998123667806975	0.9998123667806975	3.3345867230566815	0.006605135743880196	0.0067373586614101	0.0067373586614101	3.455144819066476	0.015298170403089003	0.015505650110183337	0.015505650110183337	0.4158059598631403	0.7901810727742083	0.8237380495163246	0.8237380495163246	0.9696224164562776	1.0731335529439823	-0.001894679064707447	-0.7980867409711957	Q6UWP8	Q6UWP8	1	7	2	2	Q6UWP8	HUMAN	60596.8	6.1	2477	2477.1	38.5	38.5	Suprabasin	2	7	40200000	6.10%	SUBCELLULAR LOCATION: Secreted {ECO:0000250}.	SBSN	Unknown	NA	NA	NA	TRUE
O94822-3	-4.910398849460835	-4.6729517589797585	-5.2644797717687615	0.26718453259645164	-0.050300678744146655	1.4863005911544591	0.39913323387484867	0.9320144285417602	-0.8258943946278802	0.5606503174821541	-0.5887419111566562	1.518855620335974	8.063191572863489e-4	0.0036203622509399084	0.0036203622509399084	0.6371211898783552	0.09644036328407733	0.9998123667806975	0.9998123667806975	5.760814260846826	3.448430554836446e-11	3.854802578906804e-9	3.854802578906804e-9	4.241958640510852	2.044834713515998e-8	4.182955682210645e-8	4.182955682210645e-8	1.3444393427706232	0.011333184498409497	0.058346082983136725	0.058346082983136725	2.8191596627026754	1.066960705010593	2.5261371825129006	-0.06900524727984335	O94822	O94822-3	1	4	4	4	O94822-3|O94822|H7BYG8	HUMAN	207912	2.8	2424	2424.1	39.98	39.98	Isoform 3 of E3 ubiquitin-protein ligase listerin	4	4	340000000	2.80%	NA	LTN1	Unknown	NA	NA	NA	FALSE
O75154-3	-4.8710079966038595	-5.583357896032018	-6.722117839632363	0.5494469142572764	-0.10611077146853683	0.5016187203603598	-0.04278008848923166	0.49130344611569493	0.0187886301969458	0.6583283169234229	0.22490165858859185	0.4283292050214197	0.3059480303147769	0.3685183474027918	0.3685183474027918	0.6246197793930728	0.14352162890521308	0.9998123667806975	0.9998123667806975	6.275668926836936	5.4741943792388026e-11	4.383265642233355e-9	4.383265642233355e-9	5.847339721815516	1.5117468587217782e-9	1.464199526285617e-8	1.464199526285617e-8	0.502774635000304	0.3503711828828432	0.41635981909364017	0.41635981909364017	1.5888605606336539	1.0402243070477484	3.0625951113065	1.4185812754795166	O75154	O75154-3	1	3	2	2	O75154-3|O75154|O75154-2	HUMAN	88373.8	3.1	2873	2873.1	28.21	28.21	Isoform 3 of Rab11 family-interacting protein 3	2	3	28700000	3.10%	SUBCELLULAR LOCATION: Recycling endosome membrane {ECO:0000269|PubMed:11495908, ECO:0000269|PubMed:15601896, ECO:0000269|PubMed:17007872, ECO:0000269|PubMed:17394487}; Peripheral membrane protein. Cytoplasm, cytoskeleton, microtubule organizing center, centrosome {ECO:0000269|PubMed:15158446, ECO:0000269|PubMed:15601896, ECO:0000269|PubMed:17394487, ECO:0000269|PubMed:18511905}. Cleavage furrow {ECO:0000269|PubMed:15158446, ECO:0000269|PubMed:15601896}. Midbody {ECO:0000269|PubMed:15601896, ECO:0000269|PubMed:16148947, ECO:0000269|PubMed:18511905}. Note=In early mitosis remains diffuse and distributed through the cell. The onset of anaphase sequesters these vesicles to the centrosomes at the opposite poles of the cell. During telophase these vesicles move from the centrosomes, to the furrow, and then to the midbody to aid in abscission (PubMed:15158446, PubMed:15601896, PubMed:18511905). Interaction with Rab11 mediates localization to endosomes (PubMed:11495908). Interaction with ARF6 mediates localization to the midbody (PubMed:16148947). {ECO:0000269|PubMed:11495908, ECO:0000269|PubMed:15601896, ECO:0000269|PubMed:16148947, ECO:0000269|PubMed:18511905}.	RAB11FIP3	Unknown	NA	NA	NA	TRUE
P53985	-3.7506569992133914	-2.8283411114256864	-3.6232352295871006	0.1082598376281752	-0.32745103096375544	0.3916742941425415	-0.14784746293646445	0.6647615392429859	0.8660174688224852	0.3672429207275434	0.9385226123107382	-0.5192853926313	0.12828926908480912	0.17410686518652665	0.17410686518652665	0.6206338948854214	0.07383849701213263	0.9998123667806975	0.9998123667806975	3.7837290946773723	2.242152979732717e-9	1.7838769675302557e-8	1.7838769675302557e-8	4.303014487308673	4.289265148755787e-9	1.8305582100591007e-8	1.8305582100591007e-8	-0.2816361456811901	0.508204134499428	0.5666745703984006	0.5666745703984006	0.5197902729016901	1.0316998133871358	0.4660936724630407	-0.012429362656682099	P53985	P53985	1	6	4	4	P53985|P53985-2	HUMAN	54627.8	12.2	1691	1691.1	76.02	76.02	Monocarboxylate transporter 1	4	6	601000000	12.20%	SUBCELLULAR LOCATION: Cell membrane {ECO:0000269|PubMed:15505343, ECO:0000269|PubMed:17127621, ECO:0000269|PubMed:24390345}; Multi-pass membrane protein {ECO:0000269|PubMed:15505343, ECO:0000269|PubMed:17127621, ECO:0000269|PubMed:24390345}.	SLC16A1	Unknown	NA	NA	NA	FALSE
Q96F46	-5.554985391774464	-3.270984679349597	-5.087543705712357	0.6216452995618099	-0.11084849715597818	0.5321649765266236	0.14608326385410628	0.7118011489204377	0.313752761394844	0.6838168291104264	0.423551926933617	0.2687047193655939	0.5806633014375295	0.6367038417784192	0.6367038417784192	0.6197396801807602	0.21311537802935857	0.9998123667806975	0.9998123667806975	5.275194989141966	4.835382587043195e-9	2.8390390840971196e-8	2.8390390840971196e-8	5.006490269776371	9.085272816107192e-8	1.330159881609425e-7	1.330159881609425e-7	0.2510873360165299	0.6884884079396935	0.73504333838133	0.73504333838133	1.408777016931555	1.0297873827669113	2.0201413629352456	0.6394290062211222	Q96F46	Q96F46	1	4	2	2	Q96F46|Q96F46-2	HUMAN	97547	2.3	2570	2570.1	35.91	35.91	Interleukin-17 receptor A	2	4	68500000	2.30%	SUBCELLULAR LOCATION: Isoform 1: Cell membrane {ECO:0000269|PubMed:17911633}; Single-pass type I membrane protein {ECO:0000255}.; SUBCELLULAR LOCATION: Isoform 2: Secreted {ECO:0000269|PubMed:24084331}.	IL17RA	Unknown	NA	NA	NA	FALSE
Q9NU22	-3.2486120461861407	-3.0328473402162524	-4.592791754387061	0.4484423372139012	-0.22516780217019308	0.17998969179218022	-0.14663823769736245	0.5195736673444313	0.7991639825358751	0.47212879683220504	0.9366587876657532	-0.4628777618051345	0.2487402614234039	0.3092471346273225	0.3092471346273225	0.5909366432294572	0.1466938993470672	0.9998123667806975	0.9998123667806975	4.029784003558831	1.0230402049069542e-8	4.462366029963796e-8	4.462366029963796e-8	4.492661765363965	2.4900539549664165e-8	4.7545247244850725e-8	4.7545247244850725e-8	-0.27697474187135684	0.5858045807970658	0.6417136173356782	0.6417136173356782	0.5834276654312923	0.9681871769841189	0.7224730266914836	0.1633025792469679	Q9NU22	Q9NU22	1	8	8	8	Q9NU22	HUMAN	638399.7	1.9	1776	1776.1	70.51	70.51	Midasin	8	8	340000000	1.90%	SUBCELLULAR LOCATION: Nucleus, nucleolus {ECO:0000269|PubMed:22002106}. Nucleus, nucleoplasm {ECO:0000269|PubMed:26601951}. Cytoplasm {ECO:0000269|PubMed:26601951}.	MDN1	Unknown	NA	NA	NA	FALSE
Q96JA1	-3.798827960613493	-3.267730598251216	-3.8337985948865074	0.17524334520207274	-0.32349331756485383	0.31425103379265207	-0.1379100037270306	0.4482357229523983	0.7659897919241796	0.4059915930614519	1.1914325865682789	-0.6427807654940854	0.045860779497063804	0.0722387828799183	0.0722387828799183	0.566632084398086	0.07393621294781844	0.9998123667806975	0.9998123667806975	3.9693828083358835	3.5988498695706697e-10	7.96890044099153e-9	7.96890044099153e-9	4.612163573829969	5.238566599281462e-10	1.464199526285617e-8	1.464199526285617e-8	-0.41207910484814314	0.2950487885713977	0.3627967370989435	0.3627967370989435	0.3804665075998301	0.9162077337051449	0.6595374018901682	0.27403596323261203	Q96JA1	Q96JA1	1	11	10	8	Q96JA1|Q96JA1-2	HUMAN	120765.7	11	285	285.2	136.69	106.86	Leucine-rich repeats and immunoglobulin-like domains protein 1	8	11	421000000	8.90%	SUBCELLULAR LOCATION: Cell membrane {ECO:0000269|PubMed:15282549}; Single-pass type I membrane protein {ECO:0000305|PubMed:15282549}.	LRIG1	Unknown	NA	NA	NA	FALSE
P35475	-3.427199986510581	-2.907694811054809	-5.301969059734971	-0.0037667384744678105	-0.03240553833776868	1.2980699092451784	0.14144934981343277	0.5816408189154137	0.27229173097444676	0.33981740076845335	0.31193035779774897	0.26182930322754644	0.6320358407328177	0.6830130245451369	0.6830130245451369	0.4994184418758122	0.3662284315646316	0.9998123667806975	0.9998123667806975	4.432894966713765	1.9449101844925273e-7	3.2917629342971155e-7	3.2917629342971155e-7	4.171065663486219	3.2894082157759424e-6	3.697286039323026e-6	3.697286039323026e-6	0.20730739748971433	0.7684093796018829	0.8037825018977084	0.8037825018977084	1.4010203792360338	0.7724598984409955	1.1424984953394517	-0.13469646440470648	P35475	P35475	1	3	3	3	P35475|P35475-2|D6REB5	HUMAN	73010.8	4.1	2773	2773.1	30.81	30.81	Alpha-L-iduronidase	3	3	331000000	4.10%	SUBCELLULAR LOCATION: Lysosome.	IDUA	Unknown	NA	NA	NA	FALSE
O95983	-3.4295723042922552	-3.2656518068632594	-4.692902656991431	0.296585115560826	-0.20490126760530766	0.32489500830376544	-0.12348157212538234	0.35897321117214304	0.9239426406040484	0.3419279451562443	1.036270486976424	-0.6495112437419912	0.09657293522026517	0.13645999207804696	0.13645999207804696	0.4947867399135897	0.19631914698996278	0.9998123667806975	0.9998123667806975	4.126637576097227	3.779555512851398e-9	2.4256956468929866e-8	2.4256956468929866e-8	4.776148819839218	5.73878576405689e-9	2.0894138829347398e-8	2.0894138829347398e-8	-0.48531982387664624	0.3201077776779306	0.3868208610603236	0.3868208610603236	0.3728733844726794	0.7625542140341794	0.823390567800467	0.4259888202430418	O95983	O95983	1	6	3	3	O95983|O95983-2|K7EIE8|A0A0A0MTS6	HUMAN	33071.7	10.6	2495	2495.1	37.87	37.87	Methyl-CpG-binding domain protein 3	3	6	527000000	10.60%	SUBCELLULAR LOCATION: Nucleus. Chromosome. Note=Nuclear, in discrete foci. Detected on chromatin, at promoter regions of active genes.	MBD3	Unknown	NA	NA	NA	FALSE
Q5D862	0.012587248456938684	-0.8950749852193949	-1.0990901192139482	0.32507830825561507	-0.02903719836257453	0.31577784072150894	-0.2892186710033141	0.6441935426353443	0.06917630859184358	0.011920263469644577	0.09841015395061621	0.2404492574992983	0.49389322757123255	0.5540236572121597	0.5540236572121597	0.4833704234534725	0.17969601849666703	0.9998123667806975	0.9998123667806975	0.9847684407626631	0.0056521311702897505	0.005768776062423197	0.005768776062423197	0.7443191832633649	0.058124232884923716	0.058524489578442654	0.058524489578442654	0.3995771921822426	0.38114954402542234	0.44600066686064554	0.44600066686064554	1.3769000546916061	0.7381384746656652	-2.450311158570785	-3.3100060156732942	Q5D862	Q5D862	1	7	5	5	Q5D862	HUMAN	249437.6	3.2	1756	1756.1	71.73	71.73	Filaggrin-2	5	7	901000000	3.20%	SUBCELLULAR LOCATION: Cytoplasm {ECO:0000269|PubMed:19384417}. Cytoplasmic granule {ECO:0000269|PubMed:19384417}. Note=In the stratum corneum of the epidermis, dispersed diffusely throughout the cytoplasm, while in the stratum granulosum, localized within keratohyalin granules (PubMed:19384417) (PubMed:21531719). In granular keratinocytes and in lower corneocytes, colocalizes with calpain-1/CAPN1. {ECO:0000269|PubMed:19384417, ECO:0000269|PubMed:21531719}.	FLG2	Unknown	NA	NA	NA	FALSE
Q9NYI0	-4.774506875951315	-3.5981890054532117	-4.875201952021142	0.2833489617266536	0.16455710039243254	1.0702901548326498	0.34812887332599535	0.969116980715054	-0.3955113226396853	0.621258132758841	-0.1842017491560125	1.0258600934061484	0.017003313237081954	0.0321745635919007	0.0321745635919007	0.4796605706490857	0.226329007204773	0.9998123667806975	0.9998123667806975	5.151969501983523	3.375921778754785e-10	7.96890044099153e-9	7.96890044099153e-9	4.126109408577375	6.05376991335892e-8	9.447686111458481e-8	9.447686111458481e-8	0.7695171065469346	0.13809336147045045	0.20095541956950447	0.20095541956950447	2.2629769370133954	0.7302043218691922	1.8917453436654696	-0.17635406190285433	Q9NYI0	Q9NYI0	1	5	5	5	Q9NYI0|Q9NYI0-2|E5RJ29|Q9NYI0-3|B4DKF8|A0A087WXD8|A0A087X1Z0	HUMAN	116716.1	6.9	1923	1923.1	61.43	61.43	PH and SEC7 domain-containing protein 3	5	5	438000000	6.90%	SUBCELLULAR LOCATION: Cell membrane {ECO:0000250|UniProtKB:Q2PFD7}. Cell projection, ruffle membrane {ECO:0000250|UniProtKB:Q2PFD7}. Cell junction, synapse, postsynaptic cell membrane, postsynaptic density {ECO:0000250|UniProtKB:Q2PFD7}. Note=In interphase associated with the plasma membrane, in particular with membrane ruffling regions. {ECO:0000250|UniProtKB:Q2PFD7}.	PSD3	Unknown	NA	NA	NA	FALSE
P32189	-3.4341009245458163	-3.280502498053241	-4.248652604735162	0.5118167090396158	0.15389518779550437	0.7781767289257162	0.2837245004622171	0.8225744506817833	0.024912454828219754	0.6191482947623805	-0.059934393263888434	0.7004400150702081	0.0439122145705301	0.06972463531666324	0.06972463531666324	0.46411920172351306	0.16449539121033244	0.9998123667806975	0.9998123667806975	4.337347721630448	3.0164546238225336e-10	7.514323629566801e-9	7.514323629566801e-9	3.63690770656024	3.053502060573289e-8	5.5597874551748625e-8	5.5597874551748625e-8	0.4816301709413474	0.2580095428829563	0.32595270199676263	0.32595270199676263	1.8958477922723616	0.6969664544324995	1.0429420950866564	-0.6296606738383942	P32189	P32189	1	3	3	3	P32189|Q14409|P32189-2|P32189-4|P32189-1|Q14410	HUMAN	62099.3	6.4	2384	2384.1	41.32	41.32	Glycerol kinase	3	3	85500000	6.40%	SUBCELLULAR LOCATION: Mitochondrion outer membrane; Peripheral membrane protein; Cytoplasmic side. Cytoplasm. Note=In sperm and fetal tissues, the majority of the enzyme is bound to mitochondria, but in adult tissues, such as liver found in the cytoplasm.	GK	Unknown	NA	NA	NA	FALSE
Q9BTX7	-2.0003239577987832	-1.85250124887153	-2.674037124722531	0.3372066874812977	-0.025792816577488522	0.4515330185357376	0.05094088862011527	0.5830608193941376	0.41596763459932923	0.4725142044087332	0.5337548326971788	-0.013782551193277426	0.9639869990801907	0.9697541962030157	0.9697541962030157	0.4485046464336632	0.1568529320634517	0.9998123667806975	0.9998123667806975	2.6366994595859254	9.373519926288315e-8	1.9035717096683337e-7	1.9035717096683337e-7	2.6504820107792026	7.679001850512924e-7	9.13494277441633e-7	9.13494277441633e-7	-0.026356587214590776	0.9466789093214567	0.9551613276391046	0.9551613276391046	1.0900833746374696	0.6635720654766493	-0.7290652392711998	-1.5437075551899992	Q9BTX7	Q9BTX7	1	6	5	5	Q9BTX7|A6PVK2	HUMAN	38970.9	17.8	2248	2248.1	46.33	46.33	Alpha-tocopherol transfer protein-like	5	6	137000000	17.80%	NA	TTPAL	Unknown	NA	NA	NA	FALSE
P53794	-3.8377904722024248	-3.657091680707104	-4.996406445628654	0.47048568008074465	0.2983248381200006	0.6557824967825346	0.06308968677616623	0.8233442126269805	0.23875733329626536	0.542423375354611	0.23647047655754322	0.3853950362843134	0.30122289377181083	0.36360825260394825	0.36360825260394825	0.4423016787631342	0.23824650094999583	0.9998123667806975	0.9998123667806975	4.786771807390612	4.365020883225949e-10	8.765236437490406e-9	8.765236437490406e-9	4.401376771106299	1.3441909610220787e-8	3.170066060250527e-8	3.170066060250527e-8	0.20468777383623	0.6655317942854495	0.7150745764159638	0.7150745764159638	1.5404235227925251	0.6503059614330161	1.5112239814578403	0.07871560561855535	P53794	P53794	1	3	2	2	P53794	HUMAN	80548.3	2.3	2817	2817.1	29.43	29.43	Sodium/myo-inositol cotransporter	2	3	232000000	2.30%	SUBCELLULAR LOCATION: Membrane; Multi-pass membrane protein.	SLC5A3	Unknown	NA	NA	NA	FALSE
P30048	-0.1066084337615564	-0.2610212352413562	-1.7422345429503474	0.35123390069339866	-0.20034551484173851	0.7475903128845682	0.11536390262477174	0.18557869593232876	-0.5003933838118036	0.284626054129479	-0.04793706641787375	0.6664224660247823	0.13051078247967876	0.17655179464165716	0.17655179464165716	0.4347480470184271	0.3124752980960098	0.9998123667806975	0.9998123667806975	1.0955453115610303	0.009640724140358577	0.009824774328492695	0.009824774328492695	0.429122845536248	0.34315755398562897	0.3435661965030277	0.3435661965030277	0.7089132721332658	0.20686465983887567	0.2746489739589968	0.2746489739589968	1.857470216582822	0.6341512319623678	-2.3348860986610247	-3.6020748767594823	P30048	P30048	1	5	2	2	P30048|P30048-2	HUMAN	28034.5	7.4	2931	2931.1	26.85	26.85	Thioredoxin-dependent peroxide reductase mitochondrial	2	5	140000000	7.40%	SUBCELLULAR LOCATION: Mitochondrion {ECO:0000250|UniProtKB:P35705}. Cytoplasm {ECO:0000305|PubMed:12492477}. Early endosome {ECO:0000269|PubMed:15750338}. Note=Localizes to early endosomes in a RPS6KC1-dependent manner. {ECO:0000269|PubMed:15750338}.	PRDX3	Unknown	NA	NA	NA	FALSE
Q9C0C4	-3.7231094382055634	-3.7176445783992125	-4.982369724926347	0.5003708710533242	0.09965531868490052	0.6881012617432232	0.27588166721672014	0.6799705589504632	0.1586626989664703	0.6117688747097029	0.33588345301696615	0.3727798156224601	0.31290249144174226	0.37568406951752203	0.37568406951752203	0.43228439866336804	0.2448328217599169	0.9998123667806975	0.9998123667806975	4.761094138791219	4.2043904371435436e-10	8.62156404884984e-9	8.62156404884984e-9	4.38831432316876	1.2570787777386595e-8	3.0401255428122103e-8	3.0401255428122103e-8	0.18501132267164982	0.6934497083264234	0.7386985648089204	0.7386985648089204	1.5261914102689567	0.6288822998735516	1.4844688798281636	0.06661161253403648	Q9C0C4	Q9C0C4	1	28	14	14	Q9C0C4	HUMAN	93819.3	20.5	895	895.1	177.41	177.41	Semaphorin-4C	14	28	1680000000	20.50%	SUBCELLULAR LOCATION: Cell junction, synapse, postsynaptic cell membrane, postsynaptic density {ECO:0000250}; Single-pass type I membrane protein {ECO:0000250}. Cytoplasmic vesicle, secretory vesicle, synaptic vesicle membrane {ECO:0000250}; Single-pass type I membrane protein {ECO:0000250}.	SEMA4C	Unknown	NA	NA	NA	FALSE
P40189	-4.0060634193033815	-3.4882255519749656	-4.462217340959084	0.34310158744510144	-0.017421790880638548	0.489522236065305	0.19978436796176527	0.6628852763857247	0.5038300513858892	0.5809703630030085	0.5822907929746042	-0.02394055645546156	0.9398356091477247	0.9496286051842375	0.9496286051842375	0.42793857718422174	0.19111845478147846	0.9998123667806975	0.9998123667806975	4.50462196980393	1.478015279057631e-10	6.3864226684702036e-9	6.3864226684702036e-9	4.528562526259392	1.4705807605115738e-9	1.464199526285617e-8	1.464199526285617e-8	-0.11512184499602485	0.7788977643825239	0.8134885657200087	0.8134885657200087	1.0786234186223072	0.6195880196258369	1.2172351580485763	0.19656912803514787	P40189	P40189	1	25	13	13	P40189|P40189-3|D6RH03|P40189-2|Q5FC05	HUMAN	104561.7	16.3	870	870.1	183.04	183.04	Interleukin-6 receptor subunit beta	13	25	3240000000	16.30%	SUBCELLULAR LOCATION: Isoform 1: Cell membrane {ECO:0000269|PubMed:19915009}; Single-pass type I membrane protein {ECO:0000255}.; SUBCELLULAR LOCATION: Isoform 2: Secreted {ECO:0000269|PubMed:24629561}.	IL6ST	Unknown	NA	NA	NA	FALSE
P29590-2	-3.329251136629692	-3.664752438901088	-6.722117839632363	0.7714203586524419	0.1567141770317365	0.6170183696627024	0.3638229318221923	0.7066486083638166	-1.05921714664365	0.6561524989094083	-1.0242873457600834	1.7295622050989587	0.020899837712245767	0.038033633239330365	0.038033633239330365	0.427541404470128	0.5306526489948779	0.9998123667806975	0.9998123667806975	5.25985043061814	3.434931117765806e-7	5.234106637538018e-7	5.234106637538018e-7	3.5302882255191816	1.799237529143611e-4	1.8721645453310533e-4	1.8721645453310533e-4	1.4692936506719945	0.10899116225404851	0.16898906346720385	0.16898906346720385	3.0568724942246486	0.6187385980540475	2.004152947897551	-0.7284569689407256	P29590	P29590-2	1	2	24	1	P29590-2	HUMAN	68953.3	37.8	306	306.2	363.94	19.86	Isoform PML-5 of Protein PML	1	2	31500000	1.90%	SUBCELLULAR LOCATION: Nucleus. Nucleus, nucleoplasm. Cytoplasm {ECO:0000269|PubMed:27211601}. Nucleus, PML body {ECO:0000269|PubMed:20501696, ECO:0000269|PubMed:27211601}. Nucleus, nucleolus. Endoplasmic reticulum membrane {ECO:0000250}; Peripheral membrane protein {ECO:0000250}; Cytoplasmic side {ECO:0000250}. Early endosome membrane; Peripheral membrane protein; Cytoplasmic side. Note=Isoform PML-1 can shuttle between the nucleus and cytoplasm. Isoform PML-2, isoform PML-3, isoform PML-4, isoform PML-5 and isoform PML-6 are nuclear isoforms whereas isoform PML-7 and isoform PML-14 lacking the nuclear localization signal are cytoplasmic isoforms. Detected in the nucleolus after DNA damage. Acetylation at Lys-487 is essential for its nuclear localization. Within the nucleus, most of PML is expressed in the diffuse nuclear fraction of the nucleoplasm and only a small fraction is found in the matrix-associated nuclear bodies (PML-NBs). The transfer of PML from the nucleoplasm to PML-NBs depends on its phosphorylation and sumoylation. The B1 box and the RING finger are also required for the localization in PML-NBs. Also found in specific membrane structures termed mitochondria-associated membranes (MAMs) which connect the endoplasmic reticulum (ER) and the mitochondria. Sequestered in the cytoplasm by interaction with rabies virus phosphoprotein.	PML	Unknown	NA	NA	NA	TRUE
P02786	-3.0448580536526184	-2.7005159023145873	-4.1897847484697275	0.4728483750973112	0.046736214352298286	0.45573676493330156	0.08342890294251896	0.560866261446401	0.5698175241669428	0.45981050605923257	0.5690559337666377	-0.08212125208272847	0.8248309574501244	0.8574672364466053	0.8574672364466053	0.422232918236653	0.2655888853399144	0.9998123667806975	0.9998123667806975	3.7990350450297066	1.0793663827055982e-8	4.601820745972552e-8	4.601820745972552e-8	3.881156297112435	7.874940766124225e-8	1.1759958168950164e-7	1.1759958168950164e-7	-0.1472038107301371	0.7587940232164458	0.7959526824943567	0.7959526824943567	1.0129857077124518	0.6073854950833419	0.48204185933329163	-0.4033337812770754	P02786	P02786	1	5	5	5	P02786|G3V0E5|F8WBE5	HUMAN	85326.2	7.8	1931	1931.1	60.75	60.75	Transferrin receptor protein 1	5	5	105000000	7.80%	SUBCELLULAR LOCATION: Cell membrane {ECO:0000269|PubMed:17081065}; Single-pass type II membrane protein {ECO:0000269|PubMed:17081065}. Melanosome {ECO:0000269|PubMed:17081065}. Note=Identified by mass spectrometry in melanosome fractions from stage I to stage IV. {ECO:0000269|PubMed:17081065}.; SUBCELLULAR LOCATION: Transferrin receptor protein 1, serum form: Secreted {ECO:0000269|PubMed:17081065}.	TFRC	Unknown	NA	NA	NA	FALSE
Q9H444	-4.432259228349067	-3.3521480281569014	-5.434962082560183	0.38503796536676965	-0.05230172776777902	0.33996388918348613	0.024823319203391904	0.5229059441516539	0.784788540467407	0.36336046777825115	0.8743345396992389	-0.4267444734632828	0.3373507023264487	0.4001056217048055	0.4001056217048055	0.4165562709022337	0.3486364258266115	0.9998123667806975	0.9998123667806975	4.809273512975424	4.339386691627586e-9	2.672776088634354e-8	2.672776088634354e-8	5.236017986438707	1.4461683232472513e-008	3.323917068931521e-8	3.323917068931521e-8	-0.41300526918108926	0.46875366232531357	0.5309594363085313	0.5309594363085313	0.6241921545601123	0.5952450168223942	1.5346698569053079	0.8521151664623626	Q9H444	Q9H444	1	14	5	5	Q9H444	HUMAN	24949.7	27.2	1696	1696.1	75.59	75.59	Charged multivesicular body protein 4b	5	14	2140000000	27.20%	SUBCELLULAR LOCATION: Cytoplasm, cytosol {ECO:0000269|PubMed:15511219}. Late endosome membrane {ECO:0000269|PubMed:15511219, ECO:0000305|PubMed:12860994}; Peripheral membrane protein {ECO:0000305}. Midbody {ECO:0000269|PubMed:21310966, ECO:0000269|PubMed:22422861}. Nucleus envelope {ECO:0000269|PubMed:26040712}. Note=Recruited to the nuclear envelope by CHMP7 during late anaphase (PubMed:26040712). Localizes transiently to the midbody arms immediately before abscission (PubMed:22422861). {ECO:0000269|PubMed:22422861, ECO:0000269|PubMed:26040712}.	CHMP4B	Unknown	NA	NA	NA	FALSE
